Affiliation,PrefClassYear,Degrees,StateOrProvince,Country
Alumni,1983.0,"BSc Geop Eng '83, Geop Engineer '99",CO,
Alumni,1995.0,BSc Geop Eng '95,CO,
Alumni,2013.0,MSc Geop '13,,Bahrain
Alumni,1999.0,MSc Geop '99,,United Kingdom
Alumni,1982.0,BSc Geop Eng '82,OK,
Alumni,1983.0,BSc Geop Eng '83,CO,
Alumni,1999.0,MSc Geop '99,WY,
Alumni,1987.0,Geop Engineer '87,GA,
Alumni,1953.0,Geop Engineer '53,AZ,
Alumni,1991.0,"BSc Geop Eng '91, BSc Math & Comp Sci '91",TX,
Alumni,1957.0,MSc Geop '57,WA,
Alumni,1987.0,BSc Geop Eng '87,TX,
Alumni,1981.0,BSc Geop Eng '81,TX,
Alumni,1981.0,"BSc Geop Eng '81, MSc Geop '88",CO,
Alumni,1983.0,BSc Geop Eng '83,NV,
Alumni,1990.0,MSc Geop '90,TX,
Alumni,1974.0,MSc Geop '74,MA,
Alumni,1982.0,"BSc Geop Eng '82, BSc ME Math '82",,Malaysia
Alumni,2016.0,"BSc Geop Eng '16, MSc Geop '18",,Thailand
Alumni,1972.0,"BSc Geop Eng '72, MSc Geop '78",MA,
Alumni,1990.0,PhD Geop '90,CO,
Alumni,2020.0,"MSc Geop Eng '20, MSc Min & Engy Econ  '20",CO,
Alumni,2018.0,"BSc Geop Eng '18, MSc Eng & Tech Mgmt '19",CO,
Alumni,2021.0,MSc Geop '21,CO,
Alumni,2021.0,BSc Geop Eng '21,,Saudi Arabia
Alumni,1987.0,Geop Engineer '87,,Saudi Arabia
Alumni,2014.0,BSc Geop Eng '14,NY,
Alumni,1997.0,MSc Geop '97,MA,
Alumni,2012.0,BSc Geop Eng '12,,Saudi Arabia
Alumni,1991.0,PhD Geop Eng '91,,Saudi Arabia
Alumni,1987.0,"MSc Geop Eng '87, PhD Geop Eng '93",,Saudi Arabia
Alumni,1987.0,MSc Geop '87,,Saudi Arabia
Alumni,2017.0,MSc Geop Eng '17,,Saudi Arabia
Alumni,1996.0,MSc Geop '96,,Saudi Arabia
Alumni,2009.0,BSc Geop Eng '09,,Saudi Arabia
Alumni,2011.0,BSc Geop Eng '11,,Saudi Arabia
Alumni,1967.0,"Geop Engineer '67, ME Math '67, MSc Math & Comp Sci '70",CA,
Alumni,2020.0,BSc Geop Eng '20,,Saudi Arabia
Alumni,1991.0,Geop Engineering '91,,Saudi Arabia
Alumni,2019.0,BSc Geop Eng '19,CO,
Alumni,2016.0,Pro M Pet Res Sys '16,,Egypt
Alumni,2021.0,BSc Geop Eng '21,CO,
Alumni,1996.0,BSc Geop Eng '96,,United Arab Emirates
Alumni,1965.0,MSc Geop '65,CA,
Alumni,2003.0,BSc Geop Eng '03,,Saudi Arabia
Alumni,2011.0,BSc Geop Eng '11,CO,
Alumni,1965.0,Geop Engineer '65,CA,
Alumni,1987.0,MSc Geop '87,CO,
Alumni,1985.0,BSc Geop Eng '85,MI,
Alumni,1984.0,BSc Geop Eng '84,CO,
Alumni,1981.0,BSc Geop Eng '81,LA,
Alumni,1990.0,M Eng Geop E '90,,Saudi Arabia
Alumni,1988.0,M Eng Geop E '88,TX,
Alumni,2013.0,BSc Geop Eng '13,CO,
Alumni,1987.0,MSc Geop Eng '87,,Saudi Arabia
Alumni,2013.0,BSc Geop Eng '13,,Saudi Arabia
Alumni,2009.0,BSc Geop Eng '09,,Saudi Arabia
Alumni,2009.0,BSc Geop Eng '09,,Saudi Arabia
Alumni,1990.0,BSc Geop Eng '90,TX,
Alumni,2014.0,BSc Geop Eng '14,,Saudi Arabia
Alumni,1994.0,BSc Geop Eng '94,,Saudi Arabia
Alumni,2018.0,BSc Geop Eng '18,CO,
Alumni,2005.0,MSc Geop '05,,Saudi Arabia
Alumni,1978.0,"MSc Geop '78, PhD Geop '87",CO,
Alumni,2017.0,BSc Geop Eng '17,British Columbia,Canada
Alumni,2019.0,MSc Geop '19,TX,
Alumni,2020.0,"BSc Geop Eng '20, MSc Geop '21",CA,
Alumni,1996.0,PhD Geop '96,TX,
Alumni,1967.0,"ME Phy '67, MSc Geop '82",CO,
Alumni,1975.0,BSc Geop Eng '75,LA,
Alumni,1971.0,BSc Geop Eng '71,CO,
Alumni,1990.0,BSc Geop Eng '90,CO,
Alumni,2016.0,MSc Geop '16,,United Kingdom
Alumni,1987.0,Geop Engineer '87,CA,
Alumni,1995.0,PhD Geop Eng '95,,Mexico
Alumni,1993.0,PhD Geop '93,MS,
Alumni,1968.0,Geop Engineer '68,TX,
Alumni,1966.0,"Geop Engineer '66, MSc Geop '69, PhD Geop '74",CO,
Alumni,1953.0,Geop Engineer '53,MD,
Alumni,2021.0,PhD Geop '21,TX,
Alumni,2011.0,MSc Geop '11,TX,
Alumni,2009.0,MSc Geop '09,,France
Alumni,1993.0,"MSc Geop '86, PhD Geop '93",TX,
Alumni,1987.0,BSc Geop Eng '87,,Indonesia
Alumni,1981.0,BSc Geop Eng '81,CO,
Alumni,1983.0,BSc Geop Eng '83,CO,
Alumni,1977.0,"MSc Geop '77, PhD Geop '95",CO,
Alumni,2016.0,BSc Geop Eng '16,CO,
Alumni,2013.0,"BSc Geop Eng '13, MSc Geop '16",TX,
Alumni,2020.0,PhD Geop '20,,Mexico
Alumni,2016.0,"BSc Geop Eng '16, MSc Undergrnd Const & Tunneling Eng '18",TX,
Alumni,1992.0,MSc Geop '92,CO,
Alumni,1996.0,BSc Geop Eng '96,CO,
Alumni,1980.0,MSc Geop '80,PR,
Alumni,1975.0,BSc Geop Eng '75,VA,
Alumni,1968.0,"Geop Engineer '68, MSc Geol '95",CO,
Alumni,2010.0,"MSc Geop Eng '10, PhD Geop '19",,Norway
Alumni,2013.0,MSc Geop Eng '13,TX,
Alumni,1989.0,MSc Geop Eng '89,TX,
Alumni,2010.0,"M Eng Pet E '10, PhD Geop '18",CO,
Alumni,2008.0,MSc Geop '08,TX,
Alumni,1983.0,BSc Geop Eng '83,TX,
Alumni,2014.0,MSc Hydrology '14,CO,
Alumni,1987.0,"BSc Eng '87, BSc Geop Eng '87",CA,
Alumni,2015.0,BSc Geop Eng '15,CO,
Alumni,1978.0,"BSc Geop Eng '78, MSc Geop '80, PhD Geop '84",WA,
Alumni,1987.0,Geop Engineer '87,TX,
Alumni,2019.0,PhD Geop '19,NY,
Alumni,2015.0,"BSc Geop Eng '15, MSc Geop '17",CO,
Alumni,2009.0,BSc Geop Eng '09,CO,
Alumni,1985.0,"BSc Geop Eng '85, BSc ME Math '85",CO,
Alumni,1983.0,BSc Geop Eng '83,TX,
Alumni,1971.0,BSc Geop Eng '71,TX,
Alumni,2003.0,"BSc Geop Eng '03, MSc Geop '06",TX,
Alumni,1984.0,MSc Geop '84,MA,
Alumni,1993.0,"BSc Geop Eng '93, Geop Engineer '00",TX,
Alumni,1967.0,PhD Geop Eng '67,MI,
Alumni,1980.0,BSc Geop Eng '80,CO,
Alumni,1960.0,MSc Geop '60,CA,
Alumni,2002.0,BSc Geop Eng '02,,Saudi Arabia
Alumni,1980.0,BSc Geop Eng '80,CO,
Alumni,1985.0,BSc Geop Eng '85,CO,
Alumni,2019.0,BSc Geop Eng '19,CO,
Alumni,2006.0,Pro M Pet Res Sys '06,CO,
Alumni,2017.0,MSc Geop '17,CO,
Alumni,1985.0,"BSc Eng '85, BSc Geop Eng '85",TX,
Alumni,2017.0,MSc Geop Eng '17,,Colombia
Alumni,1965.0,Geop Engineer '65,CO,
Alumni,1987.0,BSc Geop Eng '87,CO,
Alumni,2018.0,BSc Geop Eng '18,TX,
Alumni,1970.0,BSc Geop Eng '70,OH,
Alumni,1994.0,MSc Geop Eng '94,WA,
Alumni,1972.0,PhD Geop '72,CO,
Alumni,1995.0,BSc Geop Eng '95,TX,
Alumni,2013.0,MSc Geop '13,,France
Alumni,1970.0,Geop Engineer '70,AZ,
Alumni,1973.0,MSc Geop '73,TX,
Alumni,1995.0,BSc Geop Eng '95,AR,
Alumni,1978.0,BSc Geop Eng '78,AR,
Alumni,1984.0,BSc Geop Eng '84,CA,
Faculty/Staff,,,PA,
Alumni,1963.0,Geop Engineer '63,FL,
Alumni,1985.0,"MSc Geop '85, PhD Geop Eng '89",MI,
Alumni,2009.0,PhD Geop '09,TX,
Alumni,1969.0,Geop Engineer '69,VT,
Alumni,1990.0,BSc Geop Eng '90,TX,
Alumni,2019.0,"BSc Geop Eng '19, MSc Eng & Tech Mgmt '21",TX,
Alumni,1984.0,"BSc Geop Eng '84, MSc Math & Comp Sci '90",CO,
Alumni,2014.0,PhD Geop '14,TX,
Alumni,1976.0,BSc Geop Eng '76,TX,
Alumni,2012.0,BSc Geop Eng '12,CO,
Alumni,1977.0,BSc Geop Eng '77,TX,
Alumni,1963.0,"Geop Engineer '63, MSc Min Ec '86",OK,
Alumni,1986.0,BSc Geop Eng '86,TX,
Alumni,1983.0,BSc Geop Eng '83,CA,
Alumni,1985.0,BSc Geop Eng '85,UT,
Alumni,1960.0,MSc Geop '60,CO,
Alumni,1974.0,PhD Geop '74,OK,
Alumni,1981.0,BSc Geop Eng '81,TX,
Alumni,1993.0,BSc Geop Eng '93,CO,
Alumni,1969.0,"Geol Engineer '69, MSc Geop '77",FL,
Alumni,1997.0,BSc Geop Eng '97,FL,
Alumni,1978.0,BSc Geop Eng '78,TX,
Alumni,2012.0,BSc Geop Eng '12,CO,
Alumni,2010.0,BSc Geop Eng '10,KS,
Alumni,1971.0,BSc Geop Eng '71,CO,
Alumni,1979.0,"BSc Geol Eng '79, BSc Geop Eng '79",TX,
Alumni,1971.0,Geop Engineer '71,OK,
Alumni,1981.0,MSc Geop '81,CO,
Alumni,1983.0,BSc Geop Eng '83,CA,
Alumni,1980.0,BSc Geop Eng '80,CO,
Alumni,2000.0,BSc Geop Eng '00,CO,
Alumni,2001.0,BSc Geop Eng '01,CO,
Alumni,1976.0,"BSc Geop Eng '76, MSc Geop '84, PhD Geop '97",CO,
Alumni,1961.0,"Geop Engineer '61, MSc Geop '69",CA,
Alumni,1983.0,BSc Geop Eng '83,CO,
Alumni,1982.0,BSc Geop Eng '82,CO,
Alumni,1986.0,MSc Geop '86,LA,
Alumni,1979.0,BSc Geop Eng '79,TX,
Alumni,1958.0,Geop Engineer '58,FL,
Alumni,1976.0,BSc Geop Eng '76,CO,
Alumni,2005.0,BSc Geop Eng '05,CO,
Alumni,2020.0,BSc Geop Eng '20,CA,
Alumni,1950.0,Geop Engineer '50,TX,
Alumni,1953.0,MSc Geop '53,CA,
Alumni,1983.0,PhD Geop '83,,Thailand
Alumni,2012.0,MSc Geop '12,,Kazakhstan
Alumni,2017.0,BSc Geop Eng '17,Alberta,Canada
Alumni,1985.0,BSc Geop Eng '85,CO,
Alumni,2021.0,BSc Geop Eng '21,CO,
Alumni,1953.0,Geop Engineer '53,CO,
Alumni,1979.0,BSc Geop Eng '79,CO,
Alumni,1956.0,PhD Geop Eng '56,TX,
Alumni,1970.0,BSc Geop Eng '70,CO,
Alumni,2013.0,MSc Geop '13,TX,
Alumni,1967.0,Geop Engineer '67,NM,
Alumni,1989.0,BSc Geop Eng '89,CO,
Alumni,1983.0,BSc Geop Eng '83,CO,
Alumni,2015.0,BSc Geop Eng '15,MD,
Alumni,1999.0,BSc Geop Eng '99,TX,
Alumni,1992.0,BSc Geop Eng '92,CO,
Alumni,1986.0,BSc Geop Eng '86,CO,
Alumni,2007.0,BSc Geop Eng '07,TX,
Alumni,2016.0,BSc Geop Eng '16,TX,
Alumni,1984.0,BSc Geop Eng '84,TX,
Alumni,1971.0,BSc Geop Eng '71,CA,
Alumni,1970.0,Geop Engineer '70,KY,
Alumni,1999.0,MSc Geop '99,TX,
Alumni,1983.0,BSc Geop Eng '83,CO,
Alumni,2014.0,"BSc Geop Eng '14, MSc Eng & Tech Mgmt '15",CO,
Alumni,1979.0,BSc Geop Eng '79,CO,
Alumni,2017.0,MSc Geop '17,CO,
Alumni,1997.0,PhD Geop '97,CO,
Alumni,1986.0,"BSc Geop Eng '86, MSc Geop '88",CA,
Alumni,1980.0,MSc Geop '80,ID,
Alumni,1991.0,BSc Geop Eng '91,TX,
Alumni,1983.0,BSc Geop Eng '83,CO,
Alumni,2009.0,"BSc Geop Eng '09, Pro M Pet Res Sys '13",WV,
Alumni,2016.0,BSc Geop Eng '16,WA,
Alumni,1982.0,BSc Geop Eng '82,TX,
Alumni,1996.0,BSc Geop Eng '96,TX,
Alumni,2015.0,BSc Geop Eng '15,AZ,
Alumni,1978.0,BSc Geop Eng '78,CO,
Alumni,1981.0,MSc Geop '81,,United Kingdom
Alumni,2018.0,"BSc Geop Eng '18, MSc Geol '20",TX,
Alumni,2017.0,BSc Geop Eng '17,NJ,
Alumni,2020.0,BSc Geop Eng '20,NE,
Alumni,2017.0,MSc Geop '17,,Thailand
Alumni,1973.0,PhD Geop '73,TX,
Alumni,1973.0,BSc Geop Eng '73,AZ,
Alumni,1985.0,BSc Geop Eng '85,MA,
Alumni,2019.0,BSc Geop Eng '19,AK,
Alumni,2010.0,"BSc Pet Eng '10, Pro M Pet Res Sys '12",OK,
Alumni,1986.0,"BSc Geop Eng '86, MSc Geop Eng '89, Geol Engineer '02",CA,
Alumni,1959.0,Geop Engineer '60,CO,
Alumni,2015.0,BSc Geop Eng '15,CA,
Alumni,1979.0,BSc Geop Eng '79,TX,
Alumni,1981.0,BSc Geop Eng '81,MT,
Alumni,2001.0,PhD Geop '01,TX,
Alumni,1955.0,Geop Engineer '55,CO,
Alumni,2018.0,PhD Geop '18,CO,
Alumni,1986.0,BSc Geop Eng '86,MT,
Alumni,2018.0,PhD Geop '18,TX,
Alumni,1983.0,BSc Geop Eng '83,NC,
Alumni,1981.0,BSc Geop Eng '81,CO,
Alumni,1979.0,MSc Geop '79,TX,
Alumni,1977.0,BSc Geop Eng '77,CO,
Alumni,1984.0,BSc Geop Eng '84,WA,
Alumni,2003.0,MSc Geop Eng '03,TX,
Alumni,2016.0,MSc Geop '16,CO,
Alumni,1989.0,BSc Geop Eng '89,CO,
Alumni,2013.0,PhD Geop '13,,Italy
Alumni,1983.0,BSc Geop Eng '83,CO,
Alumni,1953.0,Geop Engineer '53,TX,
Alumni,1985.0,BSc Geop Eng '85,CO,
Alumni,1979.0,MSc Geop '79,TX,
Alumni,1976.0,BSc Geop Eng '76,TX,
Alumni,1952.0,Geop Engineer '52,TX,
Alumni,2009.0,BSc Geop Eng '09,,Netherlands
Alumni,1951.0,Geop Engineer '51,DE,
Alumni,2016.0,BSc Geop Eng '16,TX,
Alumni,2002.0,MSc Geop '02,TX,
Alumni,1985.0,"BSc Geol Eng '85, Geop Engineer '87",CO,
Alumni,1994.0,"BSc Geop Eng '94, MSc Geop '02",CO,
Alumni,1952.0,Geop Engineer '52,CA,
Alumni,1975.0,BSc Geop Eng '75,TX,
Alumni,1985.0,BSc Geop Eng '85,CO,
Alumni,2014.0,"BSc Geop Eng '14, MSc Geop '16",CA,
Alumni,1978.0,"BSc Geop Eng '78, MSc Geop '80",NY,
Alumni,1968.0,Geop Engineer '68,CO,
Alumni,2005.0,BSc Geop Eng '05,,Saudi Arabia
Alumni,1979.0,MSc Geop '79,TX,
Alumni,1969.0,Geop Engineer '69,CO,
Alumni,1996.0,MSc Geop '96,TX,
Alumni,1980.0,BSc Geop Eng '80,CO,
Alumni,2014.0,"BSc Geop Eng '14, MSc Geop '19",CO,
Alumni,1980.0,BSc Geop Eng '80,TX,
Alumni,1986.0,"BSc Geop Eng '86, BSc Eng '87",NJ,
Alumni,2000.0,MSc Geop '00,TX,
Alumni,2017.0,BSc Geop Eng '17,CO,
Alumni,2021.0,BSc Geop Eng '21,CO,
Alumni,1967.0,Geop Engineer '67,FL,
Alumni,1999.0,BSc Geop Eng '99,CO,
Alumni,1983.0,MSc Geop '83,TX,
Alumni,1981.0,BSc Geop Eng '81,CO,
Alumni,2007.0,PhD Geop '07,CO,
Alumni,1982.0,BSc Geop Eng '82,CO,
Alumni,2005.0,BSc Geop Eng '05,CO,
Alumni,1980.0,BSc Geop Eng '80,CA,
Alumni,1979.0,MSc Geop '79,MA,
Alumni,1986.0,BSc Geop Eng '86,TX,
Alumni,1970.0,Geop Engineer '70,TX,
Alumni,1999.0,"BSc Geop Eng '99, MSc Geop Eng '04",CO,
Alumni,2010.0,BSc Geop Eng '10,TX,
Alumni,1969.0,PhD Geop Eng '69,CO,
Alumni,2016.0,MSc Geop '16,TX,
Alumni,1996.0,"MSc Geop '96, PhD Geop '01",CA,
Alumni,1978.0,BSc Geop Eng '78,TX,
Alumni,1986.0,BSc Geop Eng '86,CA,
Alumni,2013.0,MSc Geop '13,TX,
Alumni,1978.0,BSc Geop Eng '78,FL,
Alumni,2020.0,BSc Geop Eng '20,ID,
Alumni,2020.0,BSc Geop Eng '20,CO,
Alumni,2002.0,BSc Geop Eng '02,CO,
Alumni,1984.0,BSc Geop Eng '84,CO,
Alumni,1969.0,Geop Engineer '69,CA,
Alumni,1998.0,BSc Geop Eng '98,OK,
Alumni,1999.0,"MSc Geop '90, PhD Geop '99",ID,
Alumni,1983.0,BSc Geop Eng '83,CO,
Alumni,1995.0,MSc Geop '95,TX,
Alumni,1986.0,BSc Geop Eng '86,CO,
Alumni,2017.0,BSc Geop Eng '17,KS,
Alumni,2002.0,PhD Geop '02,TX,
Alumni,1951.0,Geop Engineer '51,CO,
Alumni,1975.0,MSc Geop '75,CO,
Alumni,1984.0,Geop Engineer '84,CO,
Alumni,1975.0,MSc Geop '75,TX,
Alumni,1960.0,Geop Engineer '60,TX,
Alumni,1983.0,BSc Geop Eng '83,ID,
Alumni,2013.0,MSc Geop '13,TX,
Alumni,2015.0,"MSc Geop '15, PhD Geop '18",TX,
Alumni,2013.0,MSc Geop '13,,Brazil
Alumni,1978.0,BSc Geop Eng '78,TX,
Alumni,2009.0,PhD Geop '09,TX,
Alumni,2009.0,BSc Geop Eng '09,CO,
Alumni,1953.0,Geop Engineer '53,CO,
Alumni,1990.0,MSc Geop Eng '90,,Venezuela
Alumni,1996.0,BSc Geop Eng '96,Alberta,Canada
Alumni,1985.0,"BSc Geop Eng '85, MSc Ecol Eng '88",CO,
Alumni,2005.0,BSc Geop Eng '05,TX,
Alumni,2020.0,MSc Geop '20,CO,
Alumni,2019.0,"BSc Geop Eng '19, MSc Geop '20",CO,
Alumni,2017.0,BSc Geop Eng '17,TX,
Alumni,2017.0,Pro M Pet Res Sys '17,,Thailand
Alumni,1988.0,BSc Geop Eng '88,,Australia
Alumni,1986.0,MSc Geop '86,CA,
Alumni,1988.0,"BSc Geop Eng '88, BSc Pet Eng '88",LA,
Alumni,1968.0,"MSc Geop '68, PhD Geop '70",TX,
Alumni,1980.0,BSc Geop Eng '80,CO,
Alumni,1990.0,BSc Geop Eng '90,TX,
Alumni,1982.0,PhD Geop '82,CO,
Alumni,2016.0,BSc Geop Eng '16,CO,
Alumni,2004.0,MSc Geop '04,TX,
Alumni,2017.0,Pro M Pet Res Sys '17,CO,
Alumni,1972.0,"BSc Geop Eng '72, MSc Geop '77",WA,
Alumni,1970.0,BSc Geop Eng '70,AZ,
Alumni,1978.0,"BSc Geop Eng '78, MSc Geop '81",CA,
Alumni,1976.0,BSc Geop Eng '76,TX,
Alumni,1992.0,Geop Engineer '92,TX,
Alumni,2019.0,BSc Geop Eng '19,CO,
Alumni,1983.0,BSc Geop Eng '83,CO,
Alumni,1975.0,BSc Geop Eng '75,TX,
Alumni,1985.0,BSc Geop Eng '85,CO,
Alumni,1997.0,BSc Geop Eng '97,TX,
Alumni,2021.0,BSc Geop Eng '21,TX,
Alumni,1983.0,BSc Geop Eng '83,TX,
Alumni,2019.0,BSc Geop Eng '19,CO,
Alumni,1997.0,BSc Geop Eng '97,CA,
Alumni,1985.0,BSc Geop Eng '85,CA,
Alumni,2000.0,BSc Geop Eng '00,VA,
Alumni,1970.0,BSc Geop Eng '70,WA,
Alumni,1976.0,BSc Geop Eng '76,MI,
Alumni,1965.0,Geop Engineer '65,TX,
Alumni,1955.0,Geop Engineer '55,CA,
Alumni,1980.0,"BSc Geop Eng '80, MSc Geop '82",WA,
Alumni,2016.0,BSc Geop Eng '16,CO,
Alumni,1980.0,BSc Geop Eng '80,CO,
Alumni,1968.0,Geop Engineer '68,NV,
Alumni,2012.0,BSc Geop Eng '12,CO,
Alumni,1982.0,BSc Geop Eng '82,CO,
Alumni,1984.0,BSc Geop Eng '84,CO,
Alumni,1973.0,BSc Geop Eng '73,CO,
Alumni,1975.0,"BSc Geop Eng '75, PhD Appl Phy '03",UT,
Alumni,2009.0,"BSc Geop Eng '09, BSc Math & Comp Sci '09",CO,
Alumni,2017.0,BSc Geop Eng '17,CO,
Alumni,2010.0,BSc Geop Eng '10,TX,
Alumni,2016.0,BSc Geop Eng '16,CO,
Alumni,2012.0,"BSc Geop Eng '12, MSc Geop '14",CO,
Alumni,1972.0,"BSc ME Phy '72, MSc Geop '05",CO,
Alumni,1967.0,Geop Engineer '67,WA,
Alumni,2013.0,MSc Geop '13,LA,
Alumni,2014.0,MSc Geop '14,OR,
Alumni,2016.0,BSc Geop Eng '16,CO,
Alumni,2009.0,BSc Geop Eng '09,CO,
Alumni,1981.0,"BSc Geop Eng '81, M Eng Geol E '93",CO,
Alumni,2020.0,"BSc Geop Eng '20, MSc Geop '21",AZ,
Alumni,2017.0,MSc Geop '17,,Colombia
Alumni,1983.0,BSc Geop Eng '83,CO,
Alumni,1981.0,"MSc Geop '81, PhD Geop '87",,Australia
Alumni,2016.0,BSc Geop Eng '16,OH,
Alumni,2017.0,BSc Geop Eng '17,CO,
Alumni,1986.0,BSc Geop Eng '86,AA,
Alumni,1993.0,MSc Geop '93,TX,
Alumni,2016.0,"BSc Geop Eng '16, MSc Geop '19",TX,
Alumni,1976.0,BSc Geop Eng '76,TX,
Alumni,2006.0,PhD Interdisciplinary Geop E '06,CO,
Alumni,2017.0,"BSc Geop Eng '17, MSc Geop '19",AZ,
Alumni,1977.0,MSc Geop '77,CO,
Alumni,1971.0,BSc Geop Eng '71,CO,
Alumni,1986.0,"BSc Geop Eng '86, BSc ME Math '87, MSc Math & Comp Sci '92, PhD Math & Comp Sci '07",AL,
Alumni,1957.0,Geop Engineer '57,CO,
Alumni,1990.0,Geop Engineering '90,MD,
Alumni,1964.0,Geop Engineer '64,AZ,
Alumni,1990.0,BSc Geop Eng '90,CO,
Alumni,1984.0,BSc Geop Eng '84,WA,
Alumni,1974.0,"BSc Geop Eng '74, MSc Geop '76",CO,
Alumni,1982.0,BSc Geop Eng '82,NC,
Alumni,2017.0,BSc Geop Eng '17,CO,
Alumni,2017.0,BSc Geop Eng '17,CO,
Alumni,1971.0,MSc Geop '71,TX,
Alumni,1978.0,BSc Geop Eng '78,CO,
Alumni,1988.0,BSc Geop Eng '88,CO,
Alumni,2009.0,"BSc Geop Eng '09, BSc Math & Comp Sci '09, MSc Math & Comp Sci '11",TX,
Alumni,1988.0,MSc Geop '88,CO,
Alumni,2013.0,"BSc Geop Eng '13, MSc Geop '19",CO,
Alumni,1985.0,BSc Geop Eng '85,CO,
Alumni,1984.0,BSc Geop Eng '84,CO,
Alumni,1983.0,"MSc Geop '83, PhD Geop '86",CO,
Alumni,1984.0,BSc Geop Eng '84,CO,
Alumni,1974.0,BSc Geop Eng '74,CO,
Alumni,1970.0,Geop Engineer '70,NM,
Alumni,2020.0,MSc Geop '20,,Brazil
Alumni,1993.0,BSc Geop Eng '93,CO,
Alumni,1986.0,MSc Geop '86,OR,
Alumni,1988.0,Geop Engineer '88,WA,
Alumni,2020.0,MSc Geop '20,TX,
Alumni,1974.0,PhD Geop '74,MI,
Alumni,1997.0,BSc Geop Eng '97,NY,
Alumni,1975.0,MSc Geop '75,CO,
Alumni,1964.0,Geop Engineer '64,CO,
Alumni,2018.0,MSc Geop '18,CO,
Alumni,1974.0,"BSc Geol Eng '74, MSc Geop '79",TX,
Alumni,2019.0,BSc Geop Eng '19,TX,
Alumni,2013.0,MSc Geop '13,FL,
Alumni,2005.0,"BSc Geop Eng '05, PhD Geop '10",British Columbia,Canada
Alumni,1997.0,BSc Geop Eng '97,CO,
Alumni,1974.0,PhD Geop '74,CO,
Alumni,1968.0,Geop Engineer '68,TX,
Alumni,1986.0,BSc Geop Eng '86,CO,
Alumni,1963.0,Geop Engineer '63,OR,
Alumni,1984.0,BSc Geop Eng '84,CO,
Alumni,1983.0,"BSc Geol Eng '83, BSc Geop Eng '83",TX,
Alumni,1988.0,BSc Geop Eng '88,CO,
Alumni,2002.0,BSc Geop Eng '02,AK,
Alumni,1986.0,"BSc Geop Eng '86, MSc Ecol Eng '89",CO,
Alumni,1983.0,BSc Geop Eng '83,CO,
Alumni,1980.0,BSc Geop Eng '80,MO,
Alumni,1985.0,BSc Geop Eng '85,CO,
Alumni,1998.0,PhD Geop '98,TX,
Alumni,2010.0,BSc Geop Eng '10,British Columbia,Canada
Alumni,2005.0,PhD Geop '05,,India
Alumni,1975.0,"BSc Geop Eng '75, PhD Geop '88",MD,
Alumni,1996.0,MSc Geop Eng '96,CO,
Alumni,2016.0,BSc Geop Eng '16,CO,
Alumni,2013.0,"BSc Geop Eng '13, MSc Geop '15",TX,
Alumni,1957.0,Geop Engineer '57,TX,
Alumni,2003.0,BSc Geop Eng '03,GA,
Alumni,1952.0,PhD Geop Eng '52,,Turkey
Alumni,2004.0,"BSc Geop Eng '04, MSc Hydrology '07",CO,
Alumni,1986.0,BSc Geop Eng '86,NV,
Alumni,2020.0,BSc Geop Eng '20,CA,
Alumni,1981.0,BSc Geop Eng '81,TX,
Alumni,1983.0,BSc Geop Eng '83,TX,
Alumni,1983.0,BSc Geop Eng '83,CO,
Alumni,2016.0,"BSc Geop Eng '16, MSc Hydrology '18",IL,
Alumni,1975.0,BSc Geop Eng '75,SC,
Alumni,1975.0,PhD Geop '75,ID,
Alumni,1990.0,MSc Geop Eng '90,TX,
Alumni,1989.0,MSc Geop '89,TX,
Alumni,2021.0,MSc Geop '21,,Turkey
Alumni,1987.0,BSc Geop Eng '87,CO,
Alumni,1985.0,BSc Geop Eng '85,FL,
Alumni,1954.0,Geop Engineer '54,MD,
Alumni,1998.0,BSc Geop Eng '98,OR,
Alumni,1986.0,"BSc Geop Eng '86, BSc Eng '88",WA,
Alumni,2013.0,"BSc Geop Eng '13, MSc Geop '14",OK,
Alumni,2019.0,BSc Geop Eng '19,CO,
Alumni,2019.0,"BSc Geop Eng '19, MSc Geop '21",CO,
Alumni,2013.0,BSc Geop Eng '13,CO,
Alumni,1965.0,Geop Engineer '65,CO,
Alumni,1978.0,BSc Geop Eng '78,CO,
Alumni,1987.0,BSc Geop Eng '87,TX,
Alumni,2015.0,MSc Geop '15,TX,
Alumni,1990.0,MSc Geop '90,CA,
Alumni,2018.0,BSc Geop Eng '18,UT,
Alumni,2008.0,BSc Geop Eng '08,CO,
Alumni,1980.0,BSc Geop Eng '80,CO,
Alumni,1983.0,BSc Geop Eng '83,WA,
Alumni,2001.0,PhD Geop '01,CA,
Alumni,2019.0,MSc Geop '19,,Turkey
Alumni,1980.0,PhD Geop '80,NC,
Alumni,2014.0,BSc Geop Eng '14,TX,
Alumni,2018.0,"BSc Geop Eng '18, MSc Geop '20",TX,
Alumni,1971.0,BSc Geop Eng '71,CO,
Alumni,1991.0,BSc Geop Eng '91,NY,
Alumni,1981.0,BSc Geop Eng '81,CO,
Alumni,2005.0,MSc Geop '05,NY,
Alumni,1986.0,BSc Geop Eng '86,MA,
Alumni,1983.0,BSc Geop Eng '83,CO,
Alumni,1983.0,BSc Geop Eng '83,CO,
Alumni,1985.0,BSc Geop Eng '85,CO,
Alumni,1981.0,BSc Geop Eng '81,TX,
Alumni,1993.0,MSc Geop '93,AL,
Alumni,1971.0,BSc Geop Eng '71,WA,
Alumni,2012.0,Pro M Pet Res Sys '12,NJ,
Alumni,2018.0,BSc Geop Eng '18,CO,
Alumni,1987.0,BSc Geop Eng '87,,United Kingdom
Alumni,1986.0,MSc Geop '86,KY,
Alumni,2015.0,"MSc Geop '15, PhD Geop Eng '18",TX,
Alumni,2012.0,MSc Geop '12,TX,
Alumni,1996.0,BSc Geop Eng '96,WA,
Alumni,1984.0,BSc Geop Eng '84,CO,
Alumni,1987.0,"BSc Geop Eng '87, MSc Geop Eng '92",TX,
Alumni,1989.0,"BSc Geop Eng '89, MSc Geop '92",CO,
Alumni,1987.0,"BSc Geop Eng '87, MSc Geop '89",CO,
Alumni,1982.0,BSc Geop Eng '82,CO,
Alumni,1986.0,"BSc Geop Eng '86, MSc Geop '90",TX,
Alumni,1984.0,BSc Geop Eng '84,CO,
Alumni,2013.0,BSc Geop Eng '13,CO,
Alumni,1999.0,BSc Geop Eng '99,UT,
Alumni,1983.0,BSc Geop Eng '83,CO,
Alumni,1979.0,MSc Geop '79,TX,
Alumni,1990.0,MSc Geop Eng '90,,Singapore
Alumni,2009.0,"BSc Geop Eng '09, MSc Geop '11",TX,
Alumni,1982.0,BSc Geop Eng '82,CO,
Alumni,2014.0,"BSc Geop Eng '14, MSc Geop '16",OK,
Alumni,1975.0,PhD Geop '75,,Turkey
Alumni,1992.0,"MSc Geop '92, PhD Geop '97",TX,
Alumni,1994.0,MSc Geop Eng '94,TX,
Alumni,1982.0,BSc Geop Eng '82,,Saudi Arabia
Alumni,1989.0,"BSc Geop Eng '89, MSc Ecol Eng '91",CO,
Alumni,1972.0,"BSc Geop Eng '72, MSc Geop '74",,Turkey
Alumni,1965.0,Geop Engineer '65,CA,
Alumni,1985.0,BSc Geop Eng '85,TX,
Alumni,1987.0,BSc Geop Eng '87,CO,
Alumni,1972.0,BSc Geop Eng '72,TX,
Alumni,2002.0,"BSc Geop Eng '02, MSc Math & Comp Sci '07",CO,
Alumni,2012.0,BSc Geop Eng '12,TX,
Alumni,1996.0,M Eng Geop E '96,CO,
Alumni,1974.0,"BSc ME Phy '74, BSc Geop Eng '74",AZ,
Alumni,2004.0,BSc Geop Eng '04,TX,
Alumni,2010.0,PhD Geop '10,TX,
Alumni,1974.0,BSc Geop Eng '74,CO,
Alumni,2016.0,BSc Geop Eng '16,CO,
Alumni,1998.0,BSc Geop Eng '98,NC,
Alumni,1979.0,MSc Geop '79,CO,
Alumni,1992.0,MSc Geop Eng '92,TX,
Alumni,2015.0,BSc Geop Eng '15,CO,
Alumni,2017.0,BSc Geop Eng '17,CO,
Alumni,1966.0,Geop Engineer '66,OK,
Alumni,1999.0,BSc Geop Eng '99,TX,
Alumni,2015.0,MSc Geop '15,TX,
Alumni,1988.0,BSc Geop Eng '88,AZ,
Alumni,1987.0,BSc Geop Eng '87,,Spain
Alumni,1964.0,Geop Engineer '64,OK,
Alumni,1998.0,BSc Geop Eng '98,CO,
Alumni,1975.0,BSc Geop Eng '75,CO,
Alumni,1999.0,MSc Geop '99,CA,
Alumni,1982.0,BSc Geop Eng '82,CO,
Alumni,2011.0,"BSc Geop Eng '11, MSc Geop '12",CO,
Alumni,2017.0,BSc Geop Eng '17,VA,
Alumni,1969.0,Geop Engineer '69,NY,
Alumni,1984.0,BSc Geop Eng '84,CO,
Alumni,2017.0,"BSc Geop Eng '17, MSc Geop '21",CO,
Alumni,1977.0,"BSc Geop Eng '77, MSc Geop '79",NM,
Alumni,2016.0,BSc Geop Eng '16,CO,
Alumni,1968.0,"Geop Engineer '68, PhD Geop '73",CO,
Alumni,2012.0,PhD Geop '12,,France
Alumni,1986.0,"BSc Geop Eng '86, M Eng Geol E '98",CO,
Alumni,1982.0,BSc Geop Eng '82,CO,
Alumni,2016.0,PhD Geop '16,WA,
Alumni,1982.0,BSc Geop Eng '82,MI,
Faculty/Staff,,,CO,
Alumni,1971.0,"BSc Geol Eng '72, BSc Geop Eng '72",CO,
Alumni,2013.0,PhD Geop '13,MO,
Alumni,1977.0,BSc Geop Eng '77,TX,
Alumni,1982.0,BSc Geop Eng '82,CO,
Alumni,1985.0,BSc Geop Eng '85,CO,
Alumni,1981.0,BSc Geop Eng '81,CO,
Alumni,1971.0,"BSc Geop Eng '71, Geop Engineer '87",FL,
Alumni,1953.0,Geop Engineer '53,CA,
Alumni,1952.0,Geop Engineer '52,NY,
Alumni,1971.0,"BSc Geop Eng '71, MSc Geol '73",TX,
Alumni,2010.0,"BSc Math & Comp Sci '10, BSc Geop Eng '15, Pro M Pet Res Sys '16",CO,
Alumni,2007.0,MSc Geop Eng '07,,Venezuela
Alumni,1952.0,Geop Engineer '52,CO,
Alumni,1978.0,BSc Geop Eng '78,CA,
Alumni,1986.0,"BSc Geop Eng '86, BSc Math & Comp Sci '89",CO,
Alumni,1982.0,BSc Geop Eng '82,TX,
Alumni,1986.0,BSc Geop Eng '86,HI,
Alumni,1974.0,BSc Geop Eng '74,AR,
Alumni,1972.0,BSc Geop Eng '72,CO,
Alumni,1965.0,Geop Engineer '65,CO,
Alumni,1978.0,BSc Geop Eng '78,TX,
Alumni,1961.0,Geop Engineer '61,TX,
Alumni,2019.0,BSc Geop Eng '19,IL,
Alumni,1985.0,"BSc Geop Eng '85, MSc Geop '87, PhD Geop Eng '96",TX,
Alumni,2019.0,BSc Geop Eng '19,CO,
Alumni,2019.0,BSc Geop Eng '19,,China
Alumni,2005.0,BSc Geop Eng '05,,Malaysia
Alumni,1996.0,MSc Geop '96,AK,
Alumni,2016.0,BSc Geop Eng '16,CO,
Alumni,1984.0,BSc Geop Eng '84,CO,
Alumni,1978.0,BSc Geop Eng '78,CO,
Alumni,1985.0,BSc Geop Eng '85,TX,
Alumni,1971.0,MSc Geop '71,AZ,
Alumni,1980.0,"BSc Geop Eng '80, M Eng Geop E '87",LA,
Alumni,1963.0,"Geop Engineer '63, MSc Geop '65",FL,
Alumni,2002.0,"BSc Geop Eng '02, MSc Geop '05",CO,
Alumni,1999.0,MSc Geop '99,FL,
Alumni,1988.0,BSc Geop Eng '88,CO,
Alumni,2001.0,"MSc Geop '01, PhD Geop '04",CO,
Alumni,1979.0,BSc Geop Eng '79,CO,
Alumni,1984.0,BSc Geop Eng '84,CO,
Alumni,2015.0,BSc Geop Eng '15,CO,
Alumni,2013.0,BSc Geop Eng '13,PA,
Alumni,2016.0,BSc Geop Eng '16,TX,
Alumni,1984.0,BSc Geop Eng '84,TX,
Alumni,1968.0,Geop Engineer '68,MD,
Alumni,1975.0,"BSc Geop Eng '75, MSc Min Ec '86",CO,
Alumni,1991.0,MSc Geop Eng '91,CO,
Alumni,2021.0,BSc Geop Eng '21,CO,
Alumni,2005.0,BSc Geop Eng '05,AK,
Alumni,2018.0,BSc Geop Eng '18,CO,
Alumni,1985.0,BSc Geop Eng '85,TX,
Alumni,2006.0,BSc Geop Eng '06,CO,
Alumni,1984.0,BSc Geop Eng '84,CA,
Alumni,2013.0,BSc Geop Eng '13,CO,
Alumni,1995.0,BSc Geop Eng '95,TX,
Alumni,1982.0,BSc Geop Eng '82,CO,
Alumni,1986.0,BSc Geop Eng '86,CA,
Alumni,2014.0,BSc Geop Eng '14,UT,
Alumni,1983.0,BSc Geop Eng '83,CA,
Alumni,1998.0,BSc Geop Eng '98,CO,
Alumni,1996.0,BSc Geop Eng '96,CO,
Alumni,1976.0,Geop Engineer '76,CO,
Alumni,1970.0,PhD Geop '70,CO,
Alumni,2002.0,"BSc Geop Eng '02, MSc Geochem '06",CO,
Alumni,1969.0,Geop Engineer '69,TX,
Alumni,1979.0,BSc Geop Eng '79,FL,
Alumni,1977.0,BSc Geop Eng '77,TX,
Alumni,1958.0,Geop Engineer '58,CO,
Alumni,1978.0,BSc Geop Eng '79,WA,
Alumni,1992.0,MSc Geop '92,TX,
Alumni,1977.0,BSc Geop Eng '77,CO,
Alumni,2005.0,MSc Geop '05,CA,
Alumni,2007.0,BSc Geop Eng '07,CO,
Alumni,1974.0,BSc Geop Eng '74,TN,
Alumni,1996.0,BSc Geop Eng '96,CO,
Alumni,1979.0,"BSc Geop Eng '79, M Eng Geop E '82",AK,
Alumni,1984.0,"BSc Geop Eng '84, Geop Engineer '85, BSc Eng '88",CO,
Alumni,2009.0,"BSc Geop Eng '09, MSc Hydrology '11",CO,
Alumni,1986.0,BSc Geop Eng '86,TX,
Alumni,2009.0,BSc Geop Eng '09,AL,
Alumni,1961.0,Geop Engineer '61,CO,
Alumni,1969.0,Geop Engineer '69,FL,
Alumni,2015.0,BSc Geop Eng '15,CA,
Alumni,2000.0,Geop Engineer '00,FL,
Alumni,1980.0,BSc Geop Eng '80,CO,
Alumni,2019.0,"BSc Geop Eng '19, MSc Geop '21",CO,
Alumni,1984.0,BSc Geop Eng '84,,United Kingdom
Alumni,1996.0,PhD Geop '96,TX,
Alumni,2005.0,BSc Geop Eng '05,TX,
Alumni,1982.0,"BSc Geop Eng '82, M Eng Geop E '85",British Columbia,Canada
Alumni,1968.0,Geop Engineer '68,CO,
Alumni,1983.0,BSc Geop Eng '83,CO,
Alumni,1986.0,PhD Geop '86,CO,
Alumni,1982.0,BSc Geop Eng '82,OH,
Alumni,1968.0,PhD Geop Eng '68,UT,
Alumni,2013.0,"BSc Geop Eng '13, MSc Geop '15",CO,
Alumni,2013.0,"BSc Geop Eng '13, MSc Geop '16, Pro M Pet Res Sys '17",AK,
Alumni,2017.0,PhD Geop Eng '17,UT,
Alumni,2004.0,MSc Geop '04,UT,
Alumni,1981.0,BSc Geop Eng '81,AR,
Alumni,1986.0,BSc Geop Eng '86,CT,
Alumni,1981.0,BSc Geop Eng '81,TX,
Alumni,1978.0,BSc Geop Eng '78,TX,
Alumni,1980.0,BSc Geop Eng '80,TX,
Alumni,2004.0,PhD Geop '04,,Switzerland
Alumni,1969.0,Geop Engineer '69,Alberta,Canada
Alumni,2019.0,BSc Geop Eng '19,MA,
Alumni,1981.0,BSc Geop Eng '81,CA,
Alumni,1983.0,MSc Geop '83,WA,
Alumni,1984.0,BSc Geop Eng '84,CO,
Alumni,1970.0,Geop Engineer '70,IN,
Alumni,2007.0,MSc Geop '07,TX,
Alumni,2000.0,BSc Geop Eng '00,CO,
Alumni,1981.0,BSc Geop Eng '81,CO,
Alumni,1985.0,"BSc Geop Eng '85, MSc Geop '89",TX,
Alumni,1977.0,"BSc Geop Eng '77, MSc Min Ec '79",FL,
Alumni,1979.0,MSc Geop '79,,Mexico
Alumni,1982.0,MSc Geop '82,CO,
Alumni,1975.0,PhD Geop '75,CA,
Alumni,2010.0,"MSc Geop '10, PhD Geop '13",WA,
Alumni,1983.0,MSc Geop '83,CO,
Alumni,1964.0,Geop Engineer '64,AZ,
Alumni,1975.0,MSc Geop '75,CO,
Alumni,1977.0,BSc Geop Eng '77,NM,
Alumni,1966.0,"Geop Engineer '66, MSc Min Eng '70",CO,
Alumni,2014.0,BSc Geop Eng '14,CO,
Alumni,2016.0,BSc Geop Eng '16,CO,
Alumni,1987.0,BSc Geop Eng '87,TX,
Alumni,2017.0,BSc Geop Eng '17,CO,
Alumni,1954.0,Geop Engineer '54,Alberta,Canada
Alumni,1958.0,Geop Engineer '58,CA,
Alumni,2007.0,"BSc Geop Eng '07, PhD Geop '11",CO,
Alumni,1968.0,Geop Engineer '68,TX,
Alumni,1969.0,Geop Engineer '69,CA,
Alumni,2018.0,BSc Geop Eng '18,CO,
Alumni,2000.0,MSc Geop '00,CO,
Alumni,1987.0,BSc Geop Eng '87,CO,
Alumni,2007.0,"BSc Geop Eng '07, MSc Env Eng Sci '08, PhD Env Sci & Eng '11",MA,
Alumni,1979.0,MSc Geop '79,GA,
Alumni,1984.0,BSc Geop Eng '84,CO,
Alumni,1999.0,"BSc Geop Eng '99, PhD Geop '05",AK,
Alumni,1974.0,BSc Geop Eng '74,AK,
Alumni,1979.0,BSc Geop Eng '79,TX,
Alumni,1980.0,BSc Geop Eng '80,FL,
Alumni,1984.0,BSc Geop Eng '84,CO,
Alumni,2018.0,"BSc Geop Eng '18, MSc Hydrology '19",CO,
Alumni,1981.0,BSc Geop Eng '81,MI,
Alumni,1975.0,"BSc Geop Eng '75, MSc Geop '80",WA,
Alumni,1978.0,"BSc Geop Eng '78, Hydrogeo '91",CO,
Alumni,1962.0,Geop Engineer '62,TX,
Alumni,1978.0,BSc Geop Eng '78,CA,
Alumni,1981.0,BSc Geop Eng '81,CO,
Alumni,1971.0,BSc Geop Eng '71,CO,
Alumni,2016.0,BSc Geop Eng '16,CO,
Alumni,1976.0,"BSc Geop Eng '76, MSc Min Ec '79",TX,
Alumni,1982.0,"BSc Geop Eng '82, BSc ME Math '82",IN,
Alumni,1982.0,BSc Geop Eng '82,VT,
Alumni,1984.0,BSc Geop Eng '84,TX,
Alumni,1981.0,BSc Geop Eng '81,TX,
Alumni,1954.0,Geop Engineer '54,CO,
Alumni,2017.0,MSc Geop '17,CA,
Alumni,2009.0,BSc Geop Eng '09,IL,
Alumni,2015.0,BSc Geop Eng '15,WA,
Alumni,1983.0,"BSc Geol Eng '83, BSc Geop Eng '85",CO,
Alumni,1967.0,"MSc Geop '67, PhD Geop Eng '69",,Germany
Alumni,1972.0,BSc Geop Eng '72,AK,
Alumni,1968.0,Geop Engineer '68,PA,
Alumni,1979.0,BSc Geop Eng '79,,United Kingdom
Alumni,2018.0,BSc Geop Eng '18,IL,
Alumni,1987.0,MSc Geop '87,TX,
Alumni,2014.0,"MSc Geop '14, PhD Geop '19",TX,
Alumni,1974.0,BSc Geop Eng '75,AZ,
Alumni,1986.0,"BSc Geop Eng '86, BSc ME Math '86",CO,
Alumni,2017.0,"BSc Geop Eng '17, Pro M Pet Res Sys '20",TX,
Alumni,1986.0,MSc Geop '86,,Japan
Alumni,1958.0,Geop Engineer '58,NJ,
Alumni,2021.0,BSc Geop Eng '21,CA,
Alumni,2009.0,"BSc Geop Eng '09, MSc Geop '12",CO,
Alumni,1983.0,BSc Geop Eng '83,TX,
Alumni,1981.0,"BSc Geop Eng '81, MSc Geop '84",CA,
Alumni,1984.0,BSc Geop Eng '84,NM,
Alumni,1987.0,BSc Geop Eng '87,CO,
Alumni,1994.0,BSc Geop Eng '94,IL,
Alumni,1987.0,Geop Engineer '87,CA,
Alumni,2011.0,PhD Geop '11,TX,
Alumni,1983.0,BSc Geop Eng '83,TX,
Alumni,2012.0,"BSc Geop Eng '12, MSc Eng & Tech Mgmt '18",CO,
Alumni,1986.0,BSc Geop Eng '86,CO,
Alumni,1979.0,"BSc Geop Eng '79, MSc Geop '84",CO,
Alumni,2007.0,BSc Geop Eng '07,CO,
Alumni,2019.0,BSc Geop Eng '19,CO,
Alumni,2019.0,"BSc Geop Eng '19, MSc Geop '20",CO,
Alumni,2001.0,BSc Geop Eng '01,CO,
Alumni,1982.0,"BSc Geop Eng '82, MSc Min Ec '89, MSc Math & Comp Sci '92, PhD Min Ec '92",CO,
Alumni,1984.0,BSc Geop Eng '84,NY,
Alumni,2006.0,MSc Geop Eng '06,CO,
Alumni,1985.0,BSc Geop Eng '85,CO,
Alumni,1978.0,BSc Geop Eng '78,LA,
Alumni,1963.0,"Geop Engineer '63, PhD Geop '70",TX,
Alumni,2001.0,BSc Geop Eng '01,UT,
Alumni,2004.0,"BSc Geop Eng '04, MSc Geop Eng '07",AK,
Alumni,1960.0,Geop Engineer '60,MT,
Alumni,2016.0,"BSc Geop Eng '16, MSc Undergrnd Const & Tunneling Eng '19",CA,
Alumni,1987.0,BSc Geop Eng '87,TX,
Alumni,1984.0,BSc Geop Eng '84,CA,
Alumni,1985.0,BSc Geop Eng '85,CO,
Alumni,1986.0,"BSc Geop Eng '86, MSc Geop '90",CO,
Alumni,2001.0,"MSc Geop '01, PhD Geop '06",TX,
Alumni,2017.0,BSc Geop Eng '17,CO,
Alumni,1986.0,MSc Geop '86,TX,
Alumni,2001.0,BSc Geop Eng '01,PA,
Alumni,1983.0,BSc Geop Eng '83,AZ,
Alumni,1977.0,BSc Geop Eng '77,NC,
Alumni,1996.0,BSc Geop Eng '96,CO,
Alumni,1986.0,"BSc Geop Eng '86, BSc ME Math '86",NM,
Alumni,1969.0,MSc Geop '69,NM,
Alumni,1978.0,BSc Geop Eng '78,CO,
Alumni,2018.0,BSc Geop Eng '18,CO,
Alumni,2010.0,BSc Geop Eng '10,CO,
Alumni,1966.0,PhD Geop Eng '66,MO,
Alumni,1997.0,BSc Geop Eng '97,CO,
Alumni,2017.0,PhD Geop '17,TX,
Alumni,2007.0,"BSc Geop Eng '07, MSc Geop '09",CA,
Alumni,2011.0,BSc Geop Eng '11,CO,
Alumni,1995.0,MSc Geop '95,ME,
Alumni,1955.0,Geop Engineer '55,CO,
Alumni,1979.0,MSc Geop '79,CO,
Alumni,1986.0,BSc Geop Eng '86,AZ,
Alumni,2019.0,BSc Geop Eng '19,CO,
Alumni,1983.0,BSc Geop Eng '83,CO,
Alumni,1985.0,BSc Geop Eng '85,CO,
Alumni,2021.0,MSc Geop '21,CA,
Alumni,1982.0,BSc Geop Eng '82,TX,
Alumni,2014.0,"BSc Geop Eng '14, Pro M Pet Res Sys '18",CO,
Alumni,1992.0,MSc Geop Eng '92,CO,
Alumni,1984.0,BSc Geop Eng '84,CO,
Alumni,2002.0,MSc Geop '02,CA,
Alumni,2016.0,BSc Geop Eng '16,CO,
Alumni,1987.0,BSc Geop Eng '87,CO,
Alumni,2001.0,BSc Geop Eng '02,CO,
Alumni,2002.0,BSc Geop Eng '02,CO,
Alumni,1979.0,BSc Geop Eng '79,NM,
Alumni,2011.0,MSc Geop '11,TX,
Alumni,2019.0,BSc Geop Eng '19,TX,
Alumni,1983.0,BSc Geop Eng '83,TX,
Alumni,1987.0,Geop Engineer '87,TX,
Alumni,1982.0,"MSc Geop '82, PhD Geop '86",,Sudan
Alumni,2007.0,"M Eng Geol E '07, PhD Geop Eng '13",TX,
Alumni,1979.0,"MSc Geop '79, PhD Geop '81",CO,
Alumni,1996.0,"BSc Geop Eng '94, MSc Min Ec '96",MA,
Alumni,1983.0,"BSc Geop Eng '83, MSc Geop '87",CO,
Alumni,1986.0,BSc Geop Eng '86,WA,
Alumni,1981.0,BSc Geop Eng '81,NC,
Alumni,1981.0,MSc Geop '81,,Indonesia
Alumni,2007.0,"BSc Geop Eng '07, PhD Geop '13",MT,
Alumni,1987.0,BSc Geop Eng '87,TX,
Alumni,1990.0,BSc Geop Eng '90,AK,
Alumni,1955.0,"Geol Engineer '55, Geop Engineer '55",WA,
Alumni,1972.0,BSc Geop Eng '72,WA,
Alumni,2011.0,BSc Geop Eng '11,CO,
Alumni,1983.0,BSc Geop Eng '83,CA,
Alumni,1964.0,Geop Engineer '64,NJ,
Alumni,2013.0,"BSc Geop Eng '13, MSc Geop '14",,Thailand
Alumni,2004.0,BSc Geop Eng '04,CO,
Alumni,1983.0,BSc Geop Eng '83,CO,
Alumni,1987.0,BSc Geop Eng '87,TX,
Alumni,1980.0,BSc Geop Eng '80,CO,
Alumni,1991.0,BSc Geop Eng '91,MA,
Alumni,1988.0,BSc Geop Eng '88,TX,
Alumni,1984.0,MSc Geop '84,MD,
Alumni,1987.0,Geop Engineer '87,,Australia
Alumni,1986.0,PhD Geop '86,WA,
Alumni,1979.0,BSc Geop Eng '79,CO,
Alumni,1950.0,Geop Engineer '50,TX,
Alumni,1979.0,"BSc Geop Eng '79, MSc Geop '82",TX,
Alumni,2005.0,MSc Geop '05,CO,
Alumni,1993.0,"MSc Geop '93, PhD Geop '98",TX,
Alumni,2015.0,"MSc Geop '15, PhD Geop '19",TX,
Alumni,2014.0,MSc Hydrology '14,CA,
Alumni,1965.0,"ME Phy '65, MSc Geop '72",IN,
Alumni,1963.0,Geop Engineer '63,CO,
Alumni,1980.0,BSc Geop Eng '80,TX,
Alumni,1986.0,BSc Geop Eng '86,CO,
Alumni,2001.0,PhD Geop '01,CO,
Alumni,1994.0,BSc Geop Eng '94,WA,
Alumni,1979.0,BSc Geop Eng '79,CO,
Alumni,2019.0,"BSc Geop Eng '19, MSNT Geophysical Engineering '21",CO,
Alumni,2009.0,BSc Geop Eng '09,CO,
Alumni,1984.0,BSc Geop Eng '84,CO,
Alumni,2019.0,PhD Geop '19,TX,
Alumni,2018.0,BSc Geop Eng '18,MA,
Alumni,2002.0,PhD Geop '02,TX,
Alumni,1986.0,BSc Geop Eng '86,CO,
Alumni,1986.0,"BSc Geol Eng '86, BSc Geop Eng '86",CO,
Alumni,1983.0,"BSc Geop Eng '83, BSc ME Math '84",CT,
Alumni,1995.0,BSc Geop Eng '95,NM,
Alumni,1980.0,"BSc ME Phy '80, MSc Geop '84",VA,
Alumni,1985.0,BSc Geop Eng '85,CA,
Alumni,1957.0,Geop Engineer '57,CO,
Alumni,2010.0,BSc Geop Eng '10,CO,
Alumni,1986.0,MSc Geop '86,CO,
Alumni,2013.0,"BSc Geop Eng '13, Pro M Pet Res Sys '14",CO,
Alumni,2017.0,MSc Geop '17,Alberta,Canada
Alumni,1952.0,Geop Engineer '52,CA,
Alumni,2012.0,"BSc Geop Eng '12, PhD Geop '17",CO,
Alumni,2018.0,BSc Geop Eng '18,TX,
Alumni,2019.0,"BSc Geol Eng '19, MSc Hydrology '20",AZ,
Alumni,1984.0,BSc Geop Eng '84,FL,
Alumni,1971.0,BSc Geop Eng '71,CO,
Alumni,2015.0,BSc Geop Eng '15,CO,
Alumni,1981.0,BSc Geop Eng '81,NY,
Alumni,1966.0,Geop Engineer '66,CO,
Alumni,2009.0,MSc Geop '09,,Norway
Alumni,1979.0,MSc Geop '79,CA,
Alumni,1975.0,MSc Geop '75,TX,
Alumni,1994.0,"BSc Geop Eng '94, MSc Geop '97",CO,
Alumni,1977.0,BSc Geop Eng '77,TX,
Alumni,1988.0,BSc Geop Eng '88,CO,
Alumni,1961.0,Geop Engineer '61,CO,
Alumni,1983.0,BSc Geop Eng '83,MN,
Alumni,1999.0,"BSc Geop Eng '99, MSc Eng & Tech Mgmt '08",CO,
Alumni,1950.0,Geop Engineer '50,WA,
Alumni,1961.0,Geop Engineer '61,CA,
Alumni,1973.0,BSc Geop Eng '73,GA,
Alumni,2017.0,BSc Geop Eng '17,CO,
Alumni,1980.0,"BSc Geop Eng '80, MSc Geop '87",TX,
Alumni,1976.0,"BSc Geop Eng '76, MSc Ecol Eng '92",CO,
Alumni,1985.0,MSc Geop '85,ID,
Alumni,2018.0,MSc Geop '18,TX,
Alumni,1986.0,MSc Geop '86,WA,
Alumni,1985.0,BSc Geop Eng '85,KY,
Alumni,1979.0,MSc Geop '79,,"Tanzania, United Republic Of"
Alumni,2015.0,PhD Geop '15,TX,
Alumni,2013.0,"MSc Geop '13, PhD Geop '18",CO,
Alumni,1992.0,"MSc Geop '92, PhD Geop '95",TX,
Alumni,1988.0,BSc Geop Eng '88,CO,
Alumni,1985.0,BSc Geop Eng '85,CO,
Alumni,2012.0,MSc Geop '12,IL,
Alumni,1978.0,BSc Geop Eng '78,MD,
Alumni,1981.0,BSc Geop Eng '81,,South Africa
Alumni,1985.0,BSc Geop Eng '85,CO,
Alumni,2015.0,MSc Geop '15,CO,
Alumni,2004.0,"BSc Geop Eng '04, MSc Geop '06",CO,
Alumni,1987.0,MSc Geop '87,CO,
Alumni,1983.0,"BSc Geop Eng '83, MSc Geop Eng '85",SD,
Alumni,2003.0,BSc Geop Eng '03,CO,
Alumni,1966.0,Geop Engineer '66,WA,
Alumni,1979.0,BSc Geop Eng '79,CA,
Alumni,1980.0,BSc Geop Eng '80,CO,
Alumni,1992.0,MSc Geop '92,TX,
Alumni,1986.0,BSc Geop Eng '86,NV,
Alumni,1981.0,BSc Geop Eng '81,CO,
Alumni,1985.0,BSc Geop Eng '85,CO,
Alumni,1996.0,BSc Geop Eng '96,AK,
Alumni,1985.0,BSc Geop Eng '85,CA,
Alumni,1981.0,BSc Geop Eng '81,CO,
Alumni,1953.0,Geop Engineer '53,CO,
Alumni,1985.0,BSc Geop Eng '85,CO,
Alumni,1982.0,MSc Geop '82,CO,
Alumni,1983.0,BSc Geop Eng '83,TX,
Alumni,1984.0,MSc Geop '84,WA,
Alumni,1991.0,PhD Geop Eng '91,TX,
Alumni,1969.0,Geop Engineer '69,,Trinidad and Tobago
Alumni,2019.0,"BSc Geop Eng '19, MSc Comp Sci '20",TX,
Alumni,1985.0,BSc Geop Eng '85,CO,
Alumni,1985.0,BSc Geop Eng '85,MT,
Alumni,1979.0,BSc Geop Eng '79,CO,
Alumni,1986.0,BSc Geop Eng '86,OK,
Alumni,1983.0,BSc Geop Eng '83,CO,
Alumni,2007.0,MSc Geop '07,CA,
Alumni,1960.0,"Geop Engineer '60, PhD Geop '90",CO,
Alumni,1984.0,BSc Geop Eng '84,CO,
Alumni,1983.0,BSc Geop Eng '83,WY,
Alumni,2018.0,BSc Geop Eng '18,CO,
Alumni,1970.0,BSc Geop Eng '70,TN,
Alumni,1982.0,BSc Geop Eng '82,TX,
Alumni,2004.0,"BSc Geop Eng '04, MSc Geol '12",OK,
Alumni,1991.0,MSc Geop '91,CO,
Alumni,1991.0,BSc Geop Eng '91,CO,
Alumni,1975.0,"BSc Geol Eng '75, BSc Geop Eng '75",TX,
Alumni,2015.0,PhD Geop '15,CO,
Alumni,1988.0,MSc Geop '88,TX,
Alumni,1979.0,BSc Geop Eng '79,OR,
Alumni,2012.0,Pro M Pet Res Sys '12,CA,
Alumni,2018.0,BSc Geop Eng '18,KS,
Alumni,2005.0,BSc Geop Eng '05,WA,
Alumni,1956.0,"Pet Engineer '56, PhD Geop '72",CO,
Alumni,2014.0,"BSc Geop Eng '14, MSc Geop '17",CO,
Alumni,1987.0,BSc Geop Eng '87,TX,
Alumni,2014.0,BSc Geop Eng '14,CO,
Alumni,1981.0,BSc Geop Eng '81,CO,
Alumni,1955.0,Geop Engineer '55,CA,
Alumni,1990.0,"BSc Geop Eng '90, MSc Geop '01",CO,
Alumni,1969.0,MSc Geop '69,NM,
Alumni,2005.0,PhD Geop '05,CO,
Alumni,2017.0,BSc Geop Eng '17,CA,
Alumni,1984.0,"MSc Geop Eng '84, PhD Geop '91",CO,
Alumni,2012.0,BSc Geop Eng '12,CO,
Alumni,2009.0,BSc Geop Eng '09,OR,
Alumni,1966.0,Geop Engineer '66,OR,
Alumni,2014.0,MSc Geop '14,,Thailand
Alumni,1989.0,Geop Engineer '89,WI,
Alumni,1979.0,BSc Geop Eng '79,CO,
Alumni,1986.0,MSc Geop '86,CO,
Alumni,1961.0,Geop Engineer '61,TX,
Alumni,1986.0,"BSc Geop Eng '86, MSc Geop '88",MT,
Alumni,1975.0,"MSc Geop '75, PhD Geop '78",CO,
Alumni,1973.0,BSc Geop Eng '73,WA,
Alumni,2003.0,MSc Geop '03,,United Kingdom
Alumni,1977.0,BSc Geop Eng '77,,United Kingdom
Alumni,1985.0,PhD Geop '85,TX,
Alumni,2005.0,MSc Geop '05,,Indonesia
Alumni,1986.0,MSc Geop '86,MA,
Alumni,1952.0,Geop Engineer '52,CA,
Alumni,1975.0,PhD Geop '75,CA,
Alumni,2011.0,Pro M Pet Res Sys '11,CO,
Alumni,2004.0,"BSc Geop Eng '04, MSc Geop Eng '08",CO,
Alumni,1962.0,MSc Geop '62,WA,
Alumni,1999.0,BSc Geop Eng '99,TX,
Alumni,2019.0,PhD Geop '19,CA,
Alumni,2001.0,BSc Geop Eng '01,NE,
Alumni,2013.0,"BSc Eng '13, BSc Geop Eng '13",CO,
Alumni,1985.0,BSc Geop Eng '85,CO,
Alumni,2006.0,BSc Geop Eng '06,CO,
Alumni,1983.0,BSc Geop Eng '83,OR,
Alumni,1983.0,"MSc Geop '83, PhD Geop '92",OK,
Alumni,2014.0,BSc Geop Eng '14,OH,
Alumni,1988.0,BSc Geop Eng '88,CO,
Alumni,1985.0,BSc Geop Eng '85,TX,
Alumni,1984.0,MSc Geop '84,CO,
Alumni,2000.0,BSc Geop Eng '00,TX,
Alumni,1960.0,Geop Engineer '60,CO,
Alumni,1985.0,"BSc Geop Eng '85, MSc Geop '87",TX,
Alumni,2015.0,BSc Geop Eng '15,CO,
Alumni,1983.0,BSc Geop Eng '83,MD,
Alumni,1981.0,BSc Geop Eng '81,TX,
Alumni,1961.0,"Geop Engineer '61, MSc Geop '71",,Australia
Alumni,1987.0,"BSc Geop Eng '87, MSc Math & Comp Sci '94",TX,
Alumni,1984.0,BSc Geop Eng '84,CO,
Alumni,1984.0,BSc Geop Eng '84,CO,
Alumni,2006.0,MSc Geop '06,,Korea-South
Alumni,1975.0,PhD Geop '75,CO,
Alumni,1982.0,PhD Geop '82,TX,
Alumni,1984.0,PhD Geop '84,TX,
Alumni,1983.0,PhD Geop '83,,Korea-South
Alumni,1985.0,BSc Geop Eng '85,AL,
Alumni,2010.0,BSc Geop Eng '10,CO,
Alumni,1982.0,BSc Geop Eng '82,TX,
Alumni,1983.0,BSc Geop Eng '83,CO,
Alumni,1974.0,BSc Geop Eng '74,TX,
Alumni,1985.0,BSc Geop Eng '85,,Australia
Alumni,2015.0,BSc Geop Eng '15,NY,
Alumni,1986.0,BSc Geop Eng '86,TX,
Alumni,1981.0,"BSc Geop Eng '81, MSc Geop '88, PhD Geol '93",CO,
Alumni,2016.0,BSc Geop Eng '16,CA,
Alumni,1989.0,PhD Geop '89,TX,
Alumni,2018.0,BSc Geop Eng '18,WA,
Alumni,2002.0,PhD Geop '02,CO,
Alumni,1984.0,BSc Geop Eng '84,AK,
Alumni,2018.0,BSc Geop Eng '18,CO,
Alumni,2018.0,PhD Geop '18,,United Kingdom
Alumni,2018.0,MSc Geop '18,,China
Alumni,2008.0,BSc Geop Eng '08,IA,
Alumni,2019.0,PhD Geop '19,CO,
Alumni,1992.0,Geop Engineer '92,TX,
Alumni,1979.0,M Eng Geop E '79,,"Taiwan, Province Of China"
Alumni,1984.0,BSc Geop Eng '84,CO,
Alumni,1983.0,BSc Geop Eng '83,TX,
Alumni,1989.0,PhD Geop '89,TX,
Alumni,1984.0,BSc Geop Eng '84,SC,
Alumni,1984.0,"BSc Geop Eng '84, MSc Geop Eng '95",CO,
Alumni,2012.0,"BSc Geop Eng '12, MSc Eng & Tech Mgmt '13",CO,
Alumni,2013.0,"Pro M Pet Res Sys '13, PhD Pet Eng '16",TX,
Alumni,2019.0,MSc Geop '19,CO,
Alumni,2010.0,MSc Geop '10,,China
Alumni,2019.0,MSc Geop '19,CO,
Alumni,1983.0,BSc Geop Eng '83,CO,
Alumni,1984.0,BSc Geop Eng '84,CO,
Alumni,1987.0,BSc Geop Eng '87,NC,
Alumni,2010.0,MSc Geop '10,TX,
Alumni,1977.0,BSc Geop Eng '77,CO,
Alumni,1984.0,BSc Geop Eng '84,CO,
Alumni,1974.0,BSc Geop Eng '74,CO,
Alumni,1968.0,"Geop Engineer '68, ME Math '68",TX,
Alumni,2014.0,BSc Geop Eng '14,GA,
Alumni,1966.0,Geop Engineer '66,NM,
Alumni,1957.0,Geop Engineer '57,VA,
Alumni,2006.0,BSc Geop Eng '06,CO,
Alumni,2009.0,PhD Geop '09,CO,
Alumni,2010.0,"MSc Geop '10, PhD Geop '12",TX,
Alumni,2013.0,"BSc Geop Eng '13, PhD Geop '20",CO,
Alumni,2016.0,MSc Geop '16,TX,
Alumni,2020.0,BSc Geop Eng '20,,Angola
Alumni,2014.0,MSc Geop '14,Alberta,Canada
Alumni,2002.0,BSc Geop Eng '02,TX,
Alumni,1965.0,Geop Engineer '66,CA,
Alumni,1979.0,MSc Geop '79,CO,
Alumni,2017.0,"BSc Geop Eng '17, Pro M Pet Res Sys '19",CO,
Alumni,1984.0,BSc Geop Eng '84,CA,
Alumni,2013.0,PhD Geop '13,CA,
Alumni,1984.0,BSc Geop Eng '84,TX,
Alumni,2017.0,BSc Geop Eng '17,CO,
Alumni,1985.0,BSc Geop Eng '85,CO,
Alumni,2015.0,BSc Geop Eng '15,CO,
Alumni,1995.0,BSc Geop Eng '95,NV,
Alumni,1982.0,BSc Geop Eng '82,TX,
Alumni,2013.0,BSc Geop Eng '13,CO,
Alumni,2013.0,PhD Geop '13,,Indonesia
Alumni,1974.0,BSc Geop Eng '74,TX,
Alumni,2019.0,BSc Geop Eng '19,CO,
Alumni,1984.0,BSc Geop Eng '84,WI,
Alumni,1985.0,"BSc Geop Eng '85, MSc Min Ec '92",OH,
Alumni,1982.0,BSc Geop Eng '82,CO,
Alumni,2004.0,MSc Geop Eng '04,TX,
Alumni,2005.0,PhD Geop '05,British Columbia,Canada
Alumni,2014.0,BSc Geop Eng '14,CO,
Alumni,1987.0,BSc Geop Eng '87,TX,
Alumni,1983.0,BSc Geop Eng '83,CO,
Alumni,2010.0,BSc Geop Eng '10,SD,
Alumni,2018.0,"BSc Geop Eng '18, MSc Hydrology '20",CO,
Alumni,1982.0,BSc Geop Eng '82,PA,
Alumni,2010.0,"BSc Geop Eng '10, MSc Geop '15",CO,
Alumni,1989.0,MSc Geop Eng '89,CO,
Alumni,2017.0,BSc Geop Eng '17,CO,
Alumni,1979.0,BSc Geop Eng '79,CO,
Alumni,1987.0,BSc Geop Eng '87,CO,
Alumni,1966.0,"Geop Engineer '66, PhD Geol '73",WY,
Alumni,2018.0,BSc Geop Eng '18,TX,
Alumni,1975.0,MSc Geop '75,CO,
Alumni,2007.0,BSc Geop Eng '07,CO,
Alumni,1985.0,BSc Geop Eng '85,AK,
Alumni,1973.0,BSc Geop Eng '73,CO,
Alumni,2013.0,MSc Geop '13,CO,
Alumni,1987.0,PhD Geop '87,CO,
Alumni,1985.0,"BSc Geop Eng '85, BSc ME Math '85",IL,
Alumni,1981.0,BSc Geop Eng '81,CO,
Alumni,2009.0,"BSc Geop Eng '09, PhD Geop '15",CO,
Alumni,2011.0,MSc Geop '11,TX,
Alumni,2013.0,BSc Geop Eng '13,CO,
Alumni,2007.0,BSc Geop Eng '07,CO,
Alumni,1980.0,MSc Geop '80,CO,
Alumni,1993.0,BSc Geop Eng '93,TX,
Alumni,2013.0,MSc Geop '13,CO,
Alumni,1976.0,BSc Geop Eng '76,CA,
Alumni,1987.0,BSc Geop Eng '87,MT,
Alumni,2003.0,PhD Geop '03,TX,
Alumni,2016.0,BSc Geop Eng '16,CO,
Alumni,1984.0,BSc Geop Eng '84,CO,
Alumni,1986.0,BSc Geop Eng '86,CA,
Alumni,1987.0,BSc Geop Eng '87,CO,
Alumni,1998.0,PhD Geop '98,TX,
Alumni,1985.0,BSc Geop Eng '85,WY,
Alumni,1979.0,"BSc Geop Eng '79, BSc Geol Eng '80",LA,
Alumni,1977.0,BSc Geop Eng '77,FL,
Alumni,2018.0,BSc Geop Eng '18,CO,
Alumni,2020.0,BSc Geop Eng '20,TX,
Alumni,2010.0,PhD Geop '10,TX,
Alumni,2005.0,"BSc Eng Phy '05, PhD Geop '21",CO,
Alumni,1999.0,BSc Geop Eng '99,OK,
Alumni,1980.0,BSc Geop Eng '80,CO,
Alumni,1995.0,MSc Geop '95,CO,
Alumni,2020.0,"BSc Geop Eng '20, MSc Data Sci '21",TX,
Alumni,1985.0,"BSc Geop Eng '85, BSc Eng '91",CA,
Alumni,1986.0,BSc Geop Eng '86,CO,
Alumni,1988.0,Geop Engineer '89,OR,
Alumni,1987.0,MSc Geop '87,CA,
Alumni,1986.0,BSc Geop Eng '86,WA,
Alumni,1981.0,BSc Geop Eng '81,NM,
Alumni,1988.0,BSc Geop Eng '88,LA,
Alumni,2003.0,MSc Geop '03,SC,
Alumni,1977.0,BSc Geop Eng '77,CO,
Alumni,2011.0,Pro M Pet Res Sys '11,TX,
Alumni,1981.0,BSc Geop Eng '81,CO,
Alumni,2017.0,BSc Geop Eng '17,FL,
Alumni,2010.0,"BSc Geop Eng '10, MSc Geop '12",CO,
Alumni,1979.0,PhD Geop '79,,Zambia
Alumni,1984.0,BSc Geop Eng '84,TX,
Alumni,2014.0,BSc Geop Eng '14,,Saudi Arabia
Alumni,1971.0,BSc Geop Eng '72,CO,
Alumni,2004.0,BSc Geop Eng '04,CO,
Alumni,2007.0,PhD Geop '07,TX,
Alumni,2013.0,BSc Geop Eng '13,CO,
Alumni,2009.0,BSc Geop Eng '09,CO,
Alumni,1967.0,PhD Geop Eng '67,TX,
Alumni,1980.0,BSc Geop Eng '80,CO,
Alumni,1997.0,BSc Geop Eng '97,CO,
Alumni,2007.0,BSc Geop Eng '07,CO,
Alumni,1986.0,BSc Geop Eng '86,OK,
Alumni,1986.0,MSc Geop '86,MT,
Alumni,2018.0,PhD Geop '18,,Brazil
Alumni,2008.0,"BSc Geop Eng '08, MSc Geop '10",TX,
Alumni,1985.0,PhD Geop '85,CO,
Alumni,2015.0,BSc Geop Eng '15,CO,
Alumni,1984.0,BSc Geop Eng '84,GA,
Alumni,1997.0,MSc Geop '97,,Turkey
Alumni,1985.0,"BSc Geop Eng '85, BSc ME Math '85",MD,
Alumni,2015.0,MSc Hydrology '15,CO,
Alumni,1958.0,Geop Engineer '58,OK,
Alumni,2001.0,PhD Geop '01,,Italy
Alumni,2016.0,"BSc Geop Eng '16, Pro M Pet Res Sys '17",CO,
Alumni,1989.0,BSc Geop Eng '89,CO,
Alumni,1987.0,BSc Geop Eng '87,CO,
Alumni,1992.0,"BSc Eng Phy '92, MSc Geop '94",CO,
Alumni,2017.0,"BSc Geop Eng '17, MSc Geop '19",CO,
Alumni,1963.0,Geop Engineer '63,CO,
Alumni,2006.0,BSc Geop Eng '06,ID,
Alumni,1990.0,MSc Geop '90,TX,
Alumni,1977.0,MSc Geop '77,CO,
Alumni,1986.0,"BSc Geop Eng '86, MSc Min Eng '91, PhD Min Eng '96",CO,
Alumni,1979.0,MSc Geop '79,CO,
Alumni,1967.0,Geop Engineer '67,KS,
Alumni,1998.0,"BSc Geop Eng '98, BSc Math & Comp Sci '98",TX,
Alumni,1978.0,BSc Geop Eng '78,CO,
Alumni,1970.0,Geop Engineer '70,NV,
Alumni,1983.0,MSc Geop '83,AR,
Alumni,1983.0,BSc Geop Eng '83,CO,
Alumni,2012.0,MSc Geop '12,TX,
Alumni,1972.0,BSc Geop Eng '72,NV,
Alumni,1990.0,MSc Geop Eng '90,,United Kingdom
Alumni,2010.0,BSc Geop Eng '10,British Columbia,Canada
Alumni,1976.0,"BSc Geop Eng '76, Geop Engineer '77",TX,
Alumni,2004.0,"BSc Econ '04, BSc Geop Eng '04",CO,
Alumni,2001.0,"BSc Geop Eng '01, MSc Geop '04",MT,
Alumni,2017.0,BSc Geop Eng '17,,Malaysia
Alumni,2010.0,MSc Geop '10,,Indonesia
Alumni,2007.0,BSc Geop Eng '07,,Malaysia
Alumni,2001.0,MSc Geop Eng '01,CO,
Alumni,2021.0,BSc Geop Eng '21,NY,
Alumni,1974.0,"BSc Geop Eng '74, MSc Geop '77",TX,
Alumni,1985.0,BSc Geop Eng '85,CO,
Alumni,1986.0,BSc Geop Eng '86,KY,
Alumni,1998.0,BSc Geop Eng '98,NC,
Alumni,1971.0,BSc Geop Eng '71,CO,
Alumni,1969.0,Geop Engineer '69,TX,
Alumni,1976.0,"BSc Geop Eng '76, BSc ME Math '76",WA,
Alumni,1986.0,"BSc Geop Eng '86, BSc ME Math '87",TX,
Alumni,1973.0,BSc Geop Eng '73,NM,
Alumni,1986.0,BSc Geop Eng '86,,Sweden
Alumni,2020.0,BSc Geop Eng '20,TX,
Alumni,2019.0,BSc Geop Eng '19,CA,
Alumni,1975.0,MSc Geop '75,CO,
Alumni,1983.0,BSc Geop Eng '83,TX,
Alumni,1983.0,BSc Geop Eng '83,CO,
Alumni,1982.0,BSc Geop Eng '82,TX,
Alumni,2018.0,BSc Geop Eng '18,CO,
Alumni,1950.0,Geop Engineer '50,OR,
Alumni,1998.0,BSc Geop Eng '98,CO,
Alumni,2015.0,MSc Geop '15,CO,
Alumni,1984.0,BSc Geop Eng '84,OK,
Alumni,1986.0,BSc Geop Eng '86,CO,
Alumni,2014.0,"BSc Geop Eng '14, MSc Geop '16",TX,
Alumni,2003.0,Pro M Pet Res Sys '03,,Indonesia
Alumni,2011.0,Pro M Pet Res Sys '11,,Kazakhstan
Alumni,1981.0,BSc Geop Eng '81,TX,
Alumni,1972.0,BSc Geop Eng '72,CO,
Alumni,1975.0,BSc Geop Eng '75,TX,
Alumni,1982.0,BSc Geop Eng '82,CO,
Alumni,2014.0,MSc Geop '14,TX,
Alumni,2019.0,MSc Geop '19,TX,
Alumni,1974.0,PhD Geop '74,CO,
Alumni,1999.0,MSc Geop Eng '99,TX,
Alumni,2010.0,MSc Geop '10,TX,
Alumni,2013.0,PhD Geop '13,CA,
Alumni,2001.0,BSc Geop Eng '01,CO,
Alumni,2000.0,Geop Engineer '00,,Japan
Alumni,1986.0,"BSc Geol Eng '86, BSc Geop Eng '86, M Eng Geol E '89",CO,
Alumni,1997.0,MSc Geop '97,CO,
Alumni,2012.0,"BSc Pet Eng '12, Pro M Pet Res Sys '12",CO,
Alumni,1984.0,BSc Geop Eng '84,CA,
Alumni,1987.0,Geop Engineer '87,,Italy
Alumni,1954.0,Geop Engineer '54,TX,
Alumni,1966.0,Geop Engineer '66,CO,
Alumni,2003.0,BSc Geop Eng '03,UT,
Alumni,1978.0,MSc Geop '78,FL,
Alumni,1986.0,Geop Engineer '86,CO,
Alumni,2015.0,BSc Geop Eng '15,TX,
Alumni,2017.0,BSc Geop Eng '17,WY,
Alumni,1985.0,BSc Geop Eng '85,AK,
Alumni,2014.0,BSc Geop Eng '14,CO,
Alumni,1980.0,BSc Geop Eng '80,CO,
Alumni,2012.0,BSc Geop Eng '12,TX,
Alumni,1969.0,Geop Engineer '69,,South Africa
Alumni,1984.0,BSc Geop Eng '84,TX,
Alumni,2012.0,MSc Geop '12,CO,
Alumni,1995.0,PhD Geop Eng '95,AK,
Alumni,1980.0,BSc Geop Eng '80,TX,
Alumni,1983.0,BSc Geop Eng '83,FL,
Alumni,1982.0,MSc Geop '82,,France
Alumni,1995.0,BSc Geop Eng '95,TX,
Alumni,1982.0,BSc Geop Eng '82,CO,
Alumni,2009.0,BSc Geop Eng '09,CO,
Alumni,1983.0,BSc Geop Eng '83,CO,
Alumni,1976.0,BSc Geop Eng '76,CO,
Alumni,2002.0,"MSc Geop Eng '02, PhD Geop '17",CO,
Alumni,1998.0,BSc Geop Eng '98,TX,
Alumni,1970.0,"BSc ME Phy '70, MSc Geop '84",CO,
Alumni,2019.0,BSc Geop Eng '19,CO,
Alumni,1965.0,Geop Engineer '65,TX,
Alumni,1986.0,BSc Geop Eng '86,TX,
Alumni,2017.0,PhD Geop '17,CO,
Alumni,2018.0,BSc Geop Eng '18,CO,
Alumni,1986.0,BSc Geop Eng '86,CA,
Alumni,1980.0,BSc Geop Eng '80,MI,
Alumni,1984.0,BSc Geop Eng '84,TX,
Alumni,2012.0,MSc Geop '12,CO,
Alumni,1979.0,"MSc Geop '79, MSc Phy '79",WY,
Alumni,1960.0,Geop Engineer '60,CO,
Alumni,1976.0,BSc Geop Eng '76,CA,
Alumni,2006.0,PhD Geop Eng '06,CO,
Alumni,1979.0,MSc Geop '79,TX,
Alumni,1974.0,PhD Geop '74,,Japan
Alumni,1977.0,Geop Engineer '77,CO,
Alumni,1983.0,BSc Geop Eng '83,OH,
Alumni,2021.0,BSc Geop Eng '21,CO,
Alumni,1975.0,MSc Geop '75,,Venezuela
Alumni,2007.0,BSc Geop Eng '07,CA,
Alumni,1977.0,MSc Geop '77,CA,
Alumni,1969.0,Geop Engineer '70,CO,
Alumni,2016.0,"BSc Geop Eng '16, MSc Geop '18",CO,
Alumni,1985.0,BSc Geop Eng '85,CO,
Alumni,1977.0,"BSc Geop Eng '77, Geop Engineer '77",CO,
Alumni,1982.0,BSc Geop Eng '82,,Indonesia
Alumni,1979.0,BSc Geop Eng '79,CA,
Alumni,1975.0,BSc Geop Eng '75,OK,
Alumni,1999.0,MSc Geop '99,CO,
Alumni,2012.0,BSc Geop Eng '12,CA,
Alumni,1963.0,Geop Engineer '63,OK,
Alumni,1969.0,MSc Geop '69,NE,
Alumni,2017.0,BSc Geop Eng '17,CO,
Alumni,2014.0,BSc Geop Eng '14,CO,
Alumni,1985.0,MSc Geop '85,TX,
Alumni,1995.0,MSc Geop '95,CO,
Alumni,1988.0,BSc Geop Eng '88,CO,
Alumni,2006.0,BSc Geop Eng '06,CO,
Alumni,1963.0,MSc Geop '63,TX,
Alumni,1985.0,BSc Geop Eng '85,MA,
Alumni,1988.0,BSc Geop Eng '88,PA,
Alumni,1979.0,MSc Geop '79,CO,
Alumni,1982.0,BSc Geop Eng '82,CO,
Alumni,2017.0,"BSc Geop Eng '17, MSc Space Res '20",CO,
Alumni,1983.0,BSc Geop Eng '83,FL,
Alumni,1986.0,BSc Geop Eng '86,CO,
Alumni,2014.0,Pro M Pet Res Sys '14,,Korea-South
Alumni,2021.0,MSc Geop Eng '21,CO,
Alumni,1992.0,"BSc Geop Eng '92, MSc Geop '97",CO,
Alumni,2007.0,BSc Geop Eng '07,TX,
Alumni,1999.0,"BSc Geop Eng '99, Geop Engineer '99",CO,
Alumni,1953.0,Geop Engineer '53,TX,
Alumni,1974.0,"BSc ME Math '74, MSc Geop '81",CO,
Alumni,2016.0,MSc Geop '16,VA,
Alumni,1987.0,Geop Engineer '87,TX,
Alumni,2013.0,BSc Geop Eng '13,CO,
Alumni,1965.0,Geop Engineer '65,TX,
Alumni,2019.0,"BSc Geop Eng '19, MSc Geop '20",CO,
Alumni,2018.0,MSc Geop '18,CO,
Alumni,1974.0,BSc Geop Eng '74,CA,
Alumni,1959.0,Geop Engineer '59,CO,
Alumni,2009.0,BSc Geop Eng '09,CO,
Alumni,2005.0,"BSc Geop Eng '05, MSc Geop '07",CA,
Alumni,1968.0,Geop Engineer '68,CO,
Alumni,1970.0,BSc Geop Eng '70,CO,
Alumni,1980.0,BSc Geop Eng '80,CO,
Alumni,2003.0,PhD Geop '03,,Mexico
Alumni,2015.0,MSc Geop '15,CO,
Alumni,2017.0,BSc Geop Eng '17,CO,
Alumni,2015.0,BSc Geop Eng '15,CO,
Alumni,1996.0,"MSc Geop Eng '92, MSc Math & Comp Sci '96",TX,
Alumni,1981.0,BSc Geop Eng '81,CO,
Alumni,1979.0,MSc Geop '79,TX,
Alumni,2008.0,"BSc Geop Eng '08, BSc Math & Comp Sci '08",CO,
Alumni,2005.0,MSc Geop '05,CO,
Alumni,1999.0,Geop Engineer '99,,"Taiwan, Province Of China"
Alumni,1976.0,BSc Geop Eng '76,TX,
Alumni,1986.0,BSc Geop Eng '86,CO,
Alumni,1981.0,BSc Geop Eng '81,CA,
Alumni,2013.0,PhD Geop '13,,United Kingdom
Alumni,1966.0,Geop Engineer '66,CA,
Alumni,1983.0,BSc Geop Eng '83,CO,
Alumni,1989.0,MSc Geop '89,MA,
Alumni,1966.0,Geop Engineer '66,VA,
Alumni,1960.0,Geop Engineer '60,CO,
Alumni,2016.0,"BSc Geop Eng '16, MSc Comp Sci '21",CO,
Alumni,1987.0,Geop Engineer '87,TX,
Alumni,1981.0,BSc Geop Eng '81,CO,
Alumni,1965.0,Geop Engineer '65,CO,
Alumni,2017.0,BSc Geop Eng '17,CO,
Alumni,1978.0,BSc Geop Eng '78,CO,
Alumni,1972.0,"BSc Geop Eng '72, PhD Geop '79",TX,
Alumni,1986.0,BSc Geop Eng '86,TX,
Alumni,2014.0,BSc Geop Eng '14,ND,
Alumni,1992.0,"BSc Geop Eng '92, MSc Geop Eng '94",CO,
Alumni,1985.0,"BSc Geop Eng '85, MSc Geop '87, PhD Geop Eng '91",NM,
Alumni,1986.0,BSc Geop Eng '86,CO,
Alumni,1982.0,BSc Geop Eng '82,CO,
Alumni,1987.0,BSc Geop Eng '87,FL,
Alumni,1984.0,BSc Geop Eng '84,CO,
Alumni,1985.0,MSc Geop '85,TX,
Alumni,1996.0,BSc Geop Eng '96,British Columbia,Canada
Alumni,2021.0,BSc Geop Eng '21,CO,
Alumni,2010.0,BSc Geop Eng '10,WA,
Alumni,1972.0,BSc Geop Eng '72,CO,
Alumni,2017.0,BSc Geop Eng '17,CO,
Alumni,2011.0,MSc Geop '11,TX,
Alumni,1975.0,PhD Geop '75,,Brazil
Alumni,2012.0,"BSc Geop Eng '12, MSc Geop '15",CO,
Alumni,2019.0,BSc Geop Eng '19,,Thailand
Alumni,1960.0,Geop Engineer '60,TX,
Alumni,1979.0,BSc Geop Eng '79,TX,
Alumni,2014.0,BSc Geop Eng '14,CA,
Alumni,1981.0,MSc Geop '81,,Norway
Alumni,1987.0,Geop Engineer '87,CO,
Alumni,2018.0,PhD Geop '18,CO,
Alumni,2000.0,Geop Engineer '00,CO,
Alumni,2011.0,Pro M Pet Res Sys '11,PA,
Faculty/Staff,,,CO,
Alumni,2019.0,"BSc Geop Eng '19, MSc Comp Sci '20",CO,
Alumni,1984.0,BSc Geop Eng '84,CO,
Alumni,1981.0,"BSc Geop Eng '81, MSc Env Eng Sci '93",CO,
Alumni,1980.0,BSc Geop Eng '80,CA,
Alumni,1965.0,Geop Engineer '65,TX,
Alumni,1982.0,BSc Geop Eng '82,CO,
Alumni,2017.0,"BSc Geop Eng '17, MSc Geop '19",TX,
Alumni,1986.0,"MSc Geop Eng '86, PhD Geop '95",CO,
Alumni,2016.0,BSc Geop Eng '16,CO,
Alumni,2019.0,BSc Geop Eng '19,CO,
Alumni,1979.0,MSc Geop '79,CO,
Alumni,2010.0,BSc Geop Eng '10,AZ,
Alumni,1997.0,"BSc Geop Eng '97, M Eng Geop E '99",CO,
Alumni,1976.0,"BSc Geol Eng '76, BSc Geop Eng '76",TX,
Alumni,1958.0,"Geop Engineer '58, MSc Geop '64, PhD Geop '71",TX,
Alumni,2015.0,BSc Geop Eng '15,CO,
Alumni,2019.0,"MSc Appl Math & Stats '19, PhD Geop '19",TX,
Alumni,2020.0,BSc Geop Eng '20,WA,
Alumni,1980.0,BSc Geop Eng '80,TX,
Alumni,2011.0,"BSc Geop Eng '11, MSc Geop '14",CO,
Alumni,2011.0,BSc Geop Eng '11,CO,
Alumni,2013.0,MSc Geop '13,,Indonesia
Alumni,1986.0,BSc Geop Eng '86,CO,
Alumni,1986.0,BSc Geop Eng '86,TX,
Alumni,1989.0,BSc Geop Eng '89,TX,
Alumni,1984.0,"BSc Geop Eng '84, MSc Math & Comp Sci '86",TX,
Alumni,2010.0,BSc Geop Eng '10,OK,
Alumni,1985.0,BSc Geop Eng '85,,United Kingdom
Alumni,1978.0,BSc Geop Eng '78,MD,
Alumni,1995.0,BSc Geop Eng '95,TX,
Alumni,2008.0,BSc Geop Eng '08,CO,
Alumni,1993.0,PhD Geop '93,,Brazil
Alumni,1987.0,"BSc Geop Eng '87, MSc Geop '90",CO,
Alumni,2013.0,"BSc Geop Eng '13, MSc Geop Eng '15, PhD Geop '20",TX,
Alumni,1978.0,"BSc Geop Eng '78, PhD Min Ec '81",TN,
Alumni,1967.0,Geop Engineer '67,AZ,
Alumni,1990.0,BSc Geop Eng '90,VA,
Alumni,1984.0,BSc Geop Eng '84,CO,
Alumni,1967.0,Geop Engineer '67,MI,
Alumni,2001.0,MSc Geop '01,TX,
Alumni,1984.0,"BSc Geop Eng '84, MSc Geop '86",CO,
Alumni,1992.0,BSc Geop Eng '92,CO,
Alumni,1997.0,BSc Geop Eng '97,ID,
Alumni,2015.0,BSc Geop Eng '15,CO,
Alumni,1986.0,MSc Geop '86,TX,
Alumni,1976.0,"BSc ME Phy '76, MSc Geop '80, PhD Geop '84",TX,
Alumni,1985.0,BSc Geop Eng '85,NM,
Alumni,1982.0,BSc Geop Eng '82,British Columbia,Canada
Alumni,1969.0,Geop Engineer '69,WA,
Alumni,2011.0,"BSc Geop Eng '11, MSc Geop '14",TX,
Alumni,2020.0,BSc Geop Eng '20,WI,
Alumni,2021.0,BSc Geop Eng '21,MO,
Alumni,2017.0,BSc Geop Eng '17,CO,
Alumni,2016.0,"BSc Geop Eng '16, MSc Comp Sci '18",CO,
Alumni,2008.0,"BSc Geop Eng '08, Pro M Pet Res Sys '09",CO,
Alumni,1985.0,BSc Geop Eng '85,WA,
Alumni,2021.0,MSc Geop '21,LA,
Alumni,1966.0,"Geop Engineer '66, MSc Geop '69",TX,
Alumni,1983.0,MSc Geop '83,CO,
Alumni,2011.0,MSc Geop '11,,Brazil
Alumni,1983.0,BSc Geop Eng '83,TX,
Alumni,2010.0,BSc Geop Eng '10,CA,
Alumni,1965.0,Geop Engineer '65,IL,
Alumni,1973.0,BSc Geop Eng '73,TX,
Alumni,1984.0,"BSc Geop Eng '84, MSc Math & Comp Sci '89",CO,
Alumni,2017.0,BSc Geop Eng '17,NC,
Alumni,2015.0,"BSc Geop Eng '15, Pro M Pet Res Sys '16",TX,
Alumni,1983.0,BSc Geop Eng '83,TX,
Alumni,1986.0,BSc Geop Eng '86,TX,
Alumni,2007.0,MSc Geop '07,TX,
Alumni,1990.0,"BSc Geop Eng '90, MSc Math & Comp Sci '94",CO,
Alumni,2006.0,"BSc Geop Eng '06, PhD Geop '15",CO,
Alumni,1974.0,BSc Geop Eng '74,NM,
Alumni,2003.0,BSc Geop Eng '03,CO,
Alumni,2010.0,MSc Geop '10,TX,
Alumni,2000.0,MSc Geop '00,TX,
Alumni,2012.0,MSc Geop '12,TX,
Alumni,1980.0,BSc Geop Eng '80,,Australia
Alumni,1993.0,BSc Geop Eng '93,,Mexico
Alumni,1997.0,PhD Geop '97,OK,
Alumni,2014.0,PhD Geop '14,CO,
Alumni,1983.0,MSc Geop '83,CO,
Alumni,1987.0,"BSc Geop Eng '87, BSc Math & Comp Sci '87",CA,
Alumni,1978.0,MSc Geop '78,,Spain
Alumni,1979.0,BSc Geop Eng '79,PA,
Alumni,1987.0,BSc Geop Eng '87,NE,
Alumni,2008.0,MSc Geop '08,,Colombia
Alumni,2005.0,BSc Geop Eng '05,WA,
Alumni,1988.0,BSc Geop Eng '88,TX,
Alumni,2007.0,"BSc Geop Eng '07, MSc Min & Engy Econ  '12",CO,
Alumni,1967.0,"MSc Geop '67, PhD Geop '69",CO,
Alumni,2003.0,BSc Geop Eng '03,CO,
Alumni,1983.0,MSc Geop '83,CO,
Alumni,1988.0,BSc Geop Eng '88,TX,
Alumni,1979.0,MSc Geop '79,CO,
Alumni,1983.0,BSc Geop Eng '83,CO,
Alumni,1981.0,BSc Geop Eng '81,NC,
Alumni,1977.0,BSc Geop Eng '77,AA,
Alumni,1982.0,"MSc Geop '82, PhD Geop '87",,Switzerland
Alumni,1985.0,BSc Geop Eng '85,FL,
Alumni,1979.0,BSc Geop Eng '79,CO,
Alumni,1981.0,"BSc Geop Eng '81, MSc Geop '83, PhD Pet Eng '16",CO,
Alumni,1980.0,BSc Geop Eng '80,CO,
Alumni,2017.0,BSc Geop Eng '17,OH,
Alumni,2001.0,"BSc Geop Eng '01, MSc Geop '04",CO,
Alumni,1993.0,"MSc Geop '93, PhD Geop '97",CO,
Alumni,1984.0,BSc Geop Eng '84,AK,
Alumni,1978.0,BSc Geop Eng '78,CO,
Alumni,2003.0,"MSc Eng & Tech Mgmt '03, MSc Geop '07",CO,
Alumni,2004.0,"BSc Geop Eng '04, MSc Geop '06",CO,
Alumni,1979.0,BSc Geop Eng '79,TX,
Alumni,1992.0,BSc Geop Eng '92,NE,
Alumni,1983.0,BSc Geop Eng '83,,Malaysia
Alumni,2002.0,BSc Geop Eng '02,CO,
Alumni,1978.0,BSc Geop Eng '78,TX,
Alumni,1963.0,"MSc Geop '63, PhD Geop Eng '66",CO,
Alumni,2013.0,Pro M Pet Res Sys '13,,Kazakhstan
Alumni,2007.0,MSc Geop '07,TX,
Alumni,2018.0,PhD Geop '18,CO,
Alumni,1980.0,MSc Geop '80,WA,
Alumni,1986.0,Geop Engineer '86,,United Arab Emirates
Alumni,1982.0,"MSc Geop '82, PhD Geop '84",,Japan
Alumni,2015.0,Pro M Pet Res Sys '15,,Thailand
Alumni,2005.0,MSc Geop '05,,Azerbaijan
Alumni,2011.0,BSc Geop Eng '11,CO,
Alumni,1967.0,Geop Engineer '67,TX,
Alumni,1977.0,BSc Geop Eng '77,CO,
Alumni,1983.0,"BSc Geop Eng '83, MSc Math & Comp Sci '88",CO,
Alumni,2016.0,BSc Geop Eng '16,IL,
Alumni,2004.0,MSc Geop '04,TX,
Alumni,1982.0,BSc Geop Eng '82,TX,
Alumni,1984.0,BSc Geop Eng '84,NV,
Alumni,2017.0,BSc Geop Eng '17,CO,
Alumni,1975.0,BSc Geop Eng '75,AZ,
Alumni,2010.0,BSc Geop Eng '10,WA,
Alumni,2012.0,MSc Geop '12,,Thailand
Alumni,2003.0,PhD Geop '03,TX,
Alumni,1994.0,MSc Geop Eng '94,MT,
Alumni,1987.0,BSc Geop Eng '87,,Indonesia
Alumni,1981.0,BSc Geop Eng '81,CA,
Alumni,1978.0,BSc Geop Eng '78,NM,
Alumni,1970.0,BSc Geop Eng '70,TX,
Alumni,1991.0,Geop Engineering '91,MS,
Alumni,1976.0,BSc Geop Eng '76,TX,
Alumni,2000.0,BSc Geop Eng '00,CO,
Alumni,2008.0,"BSc Geop Eng '08, Pro M Pet Res Sys '09",TX,
Alumni,1983.0,BSc Geop Eng '83,TX,
Alumni,2013.0,MSc Geop '13,MT,
Alumni,1972.0,"MSc Geop '72, PhD Geop '77",CO,
Alumni,2018.0,PhD Geop '18,TX,
Alumni,1989.0,MSc Geop Eng '89,TX,
Alumni,1972.0,BSc Geop Eng '72,TX,
Alumni,2006.0,"BSc Geop Eng '06, MSc Hydrology '09",CO,
Alumni,1988.0,MSc Geop '88,TX,
Alumni,1988.0,BSc Geop Eng '88,VT,
Alumni,2018.0,"BSc Geop Eng '18, MSc Geol Eng '20",CO,
Alumni,2003.0,BSc Geop Eng '03,TX,
Alumni,1989.0,BSc Geop Eng '89,,United Kingdom
Alumni,2017.0,"BSc Geop Eng '17, MSc Geop '19",TX,
Alumni,2016.0,BSc Geop Eng '16,TX,
Alumni,2021.0,MSc Geop '21,TX,
Alumni,1976.0,BSc Geop Eng '76,TX,
Alumni,1985.0,MSc Geop '85,CO,
Alumni,2015.0,BSc Geop Eng '15,PA,
Alumni,2005.0,MSc Geop '05,TX,
Alumni,1973.0,BSc Geop Eng '73,TX,
Alumni,2005.0,BSc Geop Eng '05,NM,
Alumni,1985.0,BSc Geop Eng '85,CO,
Alumni,1982.0,BSc Geop Eng '82,CO,
Alumni,1977.0,BSc Geop Eng '77,CO,
Alumni,1985.0,MSc Geop '85,GA,
Alumni,1983.0,BSc Geop Eng '83,CA,
Alumni,2014.0,BSc Geop Eng '14,TX,
Alumni,1991.0,BSc Geop Eng '91,AZ,
Alumni,1996.0,PhD Geop '96,,Brazil
Alumni,1952.0,Geop Engineer '52,CO,
Alumni,1966.0,"Geop Engineer '66, MSc Geol '69",WA,
Alumni,1983.0,"BSc Geop Eng '83, MSc Geop '86",LA,
Alumni,1972.0,BSc Geop Eng '72,TX,
Alumni,2013.0,BSc Geop Eng '13,OH,
Alumni,2021.0,BSc Geop Eng '21,CO,
Alumni,1984.0,MSc Geop '84,TX,
Alumni,1981.0,BSc Geop Eng '81,CA,
Alumni,1977.0,BSc Geop Eng '77,OK,
Alumni,1975.0,BSc Geop Eng '75,CO,
Alumni,1980.0,BSc Geop Eng '80,AK,
Alumni,1979.0,MSc Geop '79,TX,
Alumni,1978.0,BSc Geop Eng '78,TX,
Alumni,2010.0,"BSc Geop Eng '10, MSc Hydrology '16",CO,
Alumni,2012.0,BSc Geop Eng '12,TX,
Alumni,2011.0,MSc Geop '11,TX,
Alumni,1988.0,BSc Geop Eng '88,TX,
Alumni,1979.0,BSc Geop Eng '79,CO,
Alumni,2020.0,BSc Geop Eng '20,CO,
Alumni,1976.0,"MSc Geop '76, PhD Geop '93",CO,
Alumni,1994.0,BSc Geop Eng '94,CO,
Alumni,2016.0,BSc Geop Eng '16,TX,
Alumni,1976.0,BSc Geop Eng '76,CO,
Alumni,2020.0,BSc Geop Eng '20,CO,
Alumni,2007.0,MSc Geop Eng '07,TX,
Alumni,2020.0,MSc Geop '20,,Brazil
Alumni,1988.0,"BSc Geop Eng '88, MSc Geop '90",CO,
Alumni,1974.0,"BSc Geop Eng '74, M Eng Geop E '79",WA,
Alumni,2016.0,BSc Geop Eng '16,CO,
Alumni,1983.0,BSc Geop Eng '83,CO,
Alumni,1986.0,BSc Geop Eng '86,,Indonesia
Alumni,2003.0,"BSc Geop Eng '03, MSc Eng & Tech Mgmt '04",British Columbia,Canada
Alumni,2013.0,PhD Geop '13,TX,
Alumni,1982.0,BSc Geop Eng '82,CA,
Alumni,1974.0,BSc Geop Eng '74,TX,
Alumni,1982.0,"BSc Geop Eng '82, MSc Geop '85",,Saudi Arabia
Alumni,1975.0,BSc Geop Eng '75,,Spain
Alumni,1979.0,"BSc Geop Eng '79, MSc Geop '82",TX,
Alumni,1966.0,Geop Engineer '66,OK,
Alumni,1983.0,BSc Geop Eng '83,,Trinidad and Tobago
Alumni,1970.0,BSc Geop Eng '70,CO,
Alumni,1970.0,"BSc Geop Eng '70, MSc Geop '72, PhD Geop '75",CO,
Alumni,1950.0,Geop Engineer '50,TX,
Alumni,1983.0,BSc Geop Eng '83,TX,
Alumni,1985.0,"BSc Geop Eng '85, MSc Env Eng Sci '93",CO,
Alumni,2016.0,BSc Geop Eng '16,CO,
Alumni,2006.0,"BSc Geop Eng '06, BSc Math & Comp Sci '06",MA,
Alumni,1974.0,BSc Geop Eng '74,CO,
Alumni,1978.0,BSc Geop Eng '78,TX,
Alumni,1984.0,MSc Geop '84,ID,
Alumni,1959.0,Geop Engineer '59,TX,
Alumni,1982.0,BSc Geop Eng '82,TX,
Alumni,1976.0,BSc Geop Eng '76,UT,
Alumni,1963.0,Geop Engineer '63,FL,
Alumni,1968.0,Geop Engineer '68,CO,
Alumni,1984.0,BSc Geop Eng '84,AK,
Alumni,1983.0,BSc Geop Eng '83,CO,
Alumni,1982.0,BSc Geop Eng '82,TX,
Alumni,1984.0,MSc Geop '84,WI,
Alumni,1981.0,"BSc Mineral Engineering '81, BSc Geop Eng '81",CO,
Alumni,1978.0,BSc Geop Eng '78,TX,
Alumni,1981.0,"BSc Geop Eng '81, Geop Engineer '86",CO,
Alumni,2016.0,BSc Geop Eng '16,TX,
Alumni,2018.0,BSc Geop Eng '18,CO,
Alumni,2013.0,PhD Geop '13,CO,
Alumni,1976.0,BSc Geop Eng '76,TX,
Alumni,1971.0,"BSc Geop Eng '71, MSc Geop '75, PhD Min Ec '89",Alberta,Canada
Alumni,1959.0,Geop Engineer '59,TX,
Alumni,1968.0,MSc Geop '68,CO,
Alumni,2003.0,MSc Geop '03,CA,
Alumni,1963.0,"Geop Engineer '63, PhD Geop Eng '68",CO,
Alumni,1983.0,BSc Geop Eng '83,TX,
Alumni,1984.0,MSc Geop '84,HI,
Alumni,1984.0,BSc Geop Eng '84,TX,
Alumni,1993.0,BSc Geop Eng '93,CO,
Alumni,2005.0,BSc Geop Eng '05,TX,
Alumni,2001.0,BSc Geop Eng '01,CO,
Alumni,1954.0,Geop Engineer '54,CO,
Alumni,1981.0,"BSc Geop Eng '81, Geop Engineer '81",CO,
Alumni,2008.0,Pro M Pet Res Sys '08,CO,
Faculty/Staff,,,CO,
Alumni,1982.0,BSc Geop Eng '82,CA,
Alumni,2012.0,BSc Geop Eng '12,CO,
Alumni,1974.0,"BSc Geop Eng '74, MSc Geop '86",CO,
Alumni,1993.0,BSc Geop Eng '93,OK,
Alumni,1974.0,BSc Geop Eng '74,FL,
Alumni,1986.0,"BSc Geop Eng '86, MSc Geop Eng '89",WA,
Alumni,1999.0,PhD Geop '99,,Spain
Alumni,2013.0,MSc Geop '13,CO,
Alumni,2007.0,BSc Geop Eng '07,CO,
Alumni,1986.0,BSc Geop Eng '86,CO,
Alumni,1979.0,"BSc Geop Eng '79, MSc Geop '87, PhD Geop Eng '93",ID,
Alumni,2000.0,"BSc Geop Eng '00, PhD Geop '06",CO,
Alumni,2016.0,BSc Geop Eng '16,CO,
Alumni,2021.0,BSc Geop Eng '21,CO,
Alumni,1971.0,"BSc Geop Eng '71, MSc Geop '76",CO,
Alumni,1980.0,BSc Geop Eng '80,CO,
Alumni,1987.0,BSc Geop Eng '87,WI,
Alumni,2006.0,BSc Geop Eng '06,CO,
Alumni,2006.0,BSc Geop Eng '06,CO,
Alumni,2014.0,BSc Geop Eng '14,AL,
Alumni,1979.0,MSc Geop '79,TX,
Alumni,1975.0,"BSc ME Math '75, MSc Geop '78",CO,
Alumni,1993.0,BSc Geop Eng '93,TX,
Alumni,1981.0,MSc Geop '81,TX,
Alumni,1969.0,Geop Engineer '69,NM,
Alumni,1967.0,Geop Engineer '67,NY,
Alumni,1968.0,Geop Engineer '68,CO,
Alumni,1979.0,BSc Geop Eng '79,TX,
Alumni,1985.0,BSc Geop Eng '85,CO,
Alumni,1976.0,BSc Geop Eng '76,British Columbia,Canada
Alumni,1974.0,BSc Geop Eng '74,WA,
Alumni,2017.0,BSc Geop Eng '17,CO,
Alumni,1971.0,MSc Geop '71,,Korea-South
Alumni,1991.0,BSc Geop Eng '91,,France
Alumni,2018.0,"BSc Geop Eng '18, MSc Hydrology '20",SC,
Alumni,1980.0,"BSc Geop Eng '80, MSc Geop '83, PhD Geop '87",CO,
Alumni,2015.0,PhD Geop '15,TX,
Alumni,2001.0,MSc Geop '01,,Turkey
Alumni,1987.0,BSc Geop Eng '87,,Indonesia
Alumni,1978.0,BSc Geop Eng '78,CA,
Alumni,1996.0,MSc Geop '96,MN,
Faculty/Staff,,,CO,
Alumni,2007.0,BSc Geop Eng '07,TX,
Alumni,1999.0,BSc Geop Eng '99,TX,
Alumni,2011.0,PhD Geop '11,,Japan
Alumni,1960.0,Geop Engineer '60,TX,
Alumni,2017.0,"BSc Geop Eng '17, MSc Geop '19",TX,
Alumni,2015.0,PhD Geop '15,TX,
Alumni,1986.0,BSc Geop Eng '86,CA,
Alumni,1972.0,"BSc Geop Eng '72, MSc Geop '75",CO,
Alumni,2007.0,Pro M Pet Res Sys '07,,Turkey
Alumni,2019.0,BSc Geop Eng '19,CO,
Alumni,2007.0,Pro M Pet Res Sys '07,TX,
Alumni,1979.0,BSc Geop Eng '79,NV,
Alumni,2002.0,BSc Geop Eng '02,OK,
Alumni,2019.0,BSc Geop Eng '19,CO,
Alumni,2001.0,"BSc Geop Eng '01, MSc Eng & Tech Mgmt '19",CO,
Alumni,2017.0,BSc Geop Eng '17,WA,
Alumni,1983.0,BSc Geop Eng '83,WY,
Alumni,2004.0,PhD Geop '04,TX,
Alumni,1984.0,BSc Geop Eng '84,FL,
Alumni,1991.0,BSc Geop Eng '91,ME,
Alumni,2010.0,BSc Geop Eng '10,,Trinidad and Tobago
Alumni,1979.0,BSc Geop Eng '79,ME,
Alumni,2014.0,BSc Geop Eng '14,CO,
Alumni,2020.0,BSc Geop Eng '20,CO,
Alumni,2000.0,BSc Geop Eng '00,CO,
Alumni,1988.0,BSc Geop Eng '88,TX,
Alumni,1976.0,BSc Geop Eng '76,TX,
Alumni,1979.0,BSc Geop Eng '79,TX,
Alumni,1987.0,BSc Geop Eng '87,WA,
Alumni,2005.0,BSc Geop Eng '05,CO,
Alumni,1955.0,Geop Engineer '55,AZ,
Alumni,1985.0,BSc Geop Eng '85,CO,
Alumni,1972.0,PhD Geop '72,CA,
Alumni,2019.0,BSc Geop Eng '19,CO,
Alumni,1961.0,"Geol Engineer '61, Geop Engineer '61",,Burundi
Alumni,1986.0,BSc Geop Eng '86,IN,
Alumni,1995.0,MSc Geop '95,,Netherlands
Alumni,1987.0,BSc Geop Eng '87,WY,
Alumni,1958.0,Geop Engineer '58,MA,
Alumni,2021.0,BSc Geop Eng '21,CO,
Alumni,1983.0,BSc Geop Eng '83,CO,
Alumni,1980.0,BSc Geop Eng '80,CA,
Alumni,2009.0,BSc Geop Eng '09,CO,
Alumni,1986.0,BSc Geop Eng '86,CO,
Alumni,1980.0,"MSc Geop '80, PhD Geop '82",,Thailand
Alumni,1995.0,BSc Geop Eng '95,PA,
Alumni,1977.0,"BSc Geop Eng '77, Geop Engineer '77",CA,
Alumni,2001.0,BSc Geop Eng '01,ID,
Alumni,2018.0,BSc Geop Eng '18,OH,
Alumni,2018.0,BSc Geop Eng '18,CO,
Alumni,1981.0,BSc Geop Eng '81,,United Kingdom
Alumni,1983.0,BSc Geop Eng '83,CO,
Faculty/Staff,,,CO,
Alumni,1985.0,"BSc Geop Eng '85, MSc Geop Eng '94",CO,
Alumni,1990.0,PhD Geop Eng '90,MA,
Alumni,2004.0,BSc Geop Eng '04,,Bhutan
Alumni,1984.0,BSc Geop Eng '84,AR,
Alumni,1985.0,BSc Geop Eng '85,CO,
Alumni,2019.0,MSc Geop '19,TX,
Alumni,2003.0,BSc Geop Eng '03,CO,
Alumni,1983.0,BSc Geop Eng '83,TX,
Alumni,1968.0,Geop Engineer '69,CO,
Alumni,1968.0,Geop Engineer '68,NY,
Alumni,1963.0,Geop Engineer '63,MN,
Alumni,1985.0,MSc Geop '85,AZ,
Alumni,2015.0,"BSc Geop Eng '15, MSc Geop '17",TX,
Alumni,2021.0,BSc Geop Eng '21,VT,
Alumni,1960.0,Geop Engineer '60,MN,
Alumni,1984.0,BSc Geop Eng '84,CO,
Alumni,1985.0,BSc Geop Eng '85,CA,
Alumni,2015.0,BSc Geop Eng '15,CO,
Alumni,1979.0,MSc Geop '79,CA,
Alumni,1982.0,"BSc Geop Eng '82, BSc ME Math '82",CO,
Alumni,1972.0,BSc Geop Eng '72,MA,
Alumni,1998.0,MSc Geop '98,TX,
Alumni,1995.0,BSc Geop Eng '95,CO,
Alumni,2012.0,MSc Geop '12,AK,
Alumni,2012.0,MSc Geop '12,,Colombia
Alumni,1991.0,M Eng Geop E '91,TX,
Alumni,1985.0,BSc Geop Eng '85,TX,
Alumni,1980.0,BSc Geop Eng '80,CO,
Alumni,1984.0,BSc Geop Eng '84,CO,
Alumni,1986.0,BSc Geop Eng '86,CO,
Alumni,1992.0,MSc Geop '92,,Chile
Alumni,1998.0,"MSc Geop '98, MSc Math & Comp Sci '00",OR,
Alumni,2015.0,MSc Geop '15,,Spain
Alumni,1987.0,BSc Geop Eng '87,CO,
Alumni,1985.0,MSc Geop '85,ME,
Alumni,1990.0,BSc Geop Eng '90,OK,
Alumni,1986.0,BSc Geop Eng '86,CO,
Alumni,1996.0,MSc Geop '96,TX,
Alumni,1976.0,BSc Geop Eng '76,TX,
Alumni,2020.0,BSc Geop Eng '20,CO,
Alumni,1986.0,BSc Geop Eng '86,SC,
Alumni,2006.0,BSc Geop Eng '06,CO,
Alumni,1997.0,BSc Geop Eng '97,NV,
Alumni,2019.0,BSc Geop Eng '19,TX,
Alumni,1982.0,"BSc Geop Eng '82, MSc Geop '85",CO,
Alumni,2001.0,BSc Geop Eng '01,AL,
Alumni,2018.0,BSc Geop Eng '18,CO,
Alumni,1985.0,BSc Geop Eng '85,TX,
Alumni,1982.0,BSc Geop Eng '82,CO,
Alumni,1983.0,BSc Geop Eng '83,OH,
Alumni,1999.0,"BSc Geop Eng '99, PhD Geop '08",WA,
Alumni,1982.0,MSc Geop '82,AZ,
Alumni,1957.0,Geop Engineer '57,OR,
Alumni,1983.0,BSc Geop Eng '83,CA,
Alumni,2013.0,PhD Geop '13,CO,
Alumni,1991.0,PhD Geop Eng '91,CA,
Alumni,2002.0,"BSc Geop Eng '02, Pro M Pet Res Sys '16",CO,
Alumni,1985.0,BSc Geop Eng '85,CO,
Alumni,1986.0,MSc Geop '86,FL,
Alumni,1982.0,MSc Geop '82,AZ,
Alumni,1978.0,"BSc Geop Eng '78, MSc Min Ec '98",CO,
Alumni,2010.0,MSc Geop '10,GA,
Alumni,1971.0,"BSc Geop Eng '71, MSc Geop '83",OK,
Alumni,2008.0,"BSc Geop Eng '08, MSc Eng Sys '11",CO,
Alumni,1975.0,BSc Geop Eng '75,CO,
Alumni,1984.0,BSc Geop Eng '84,TX,
Alumni,1987.0,MSc Geop '87,CO,
Alumni,1975.0,BSc Geop Eng '75,CO,
Alumni,1983.0,BSc Geop Eng '83,TX,
Alumni,1989.0,MSc Geop '89,AZ,
Alumni,1981.0,BSc Geop Eng '81,CO,
Alumni,1972.0,BSc Geop Eng '72,CO,
Alumni,1968.0,MSc Geop '68,WA,
Alumni,1986.0,BSc Geop Eng '86,CO,
Alumni,1984.0,BSc Geop Eng '84,CO,
Alumni,1982.0,BSc Geop Eng '82,TX,
Alumni,1987.0,BSc Geop Eng '87,CO,
Alumni,1986.0,BSc Geop Eng '86,VA,
Alumni,1980.0,BSc Geop Eng '80,WA,
Alumni,1979.0,PhD Geop '79,CA,
Alumni,1986.0,BSc Geop Eng '86,Alberta,Canada
Alumni,1962.0,Geop Engineer '62,VA,
Alumni,1975.0,BSc Geop Eng '75,,United Kingdom
Alumni,1977.0,BSc Geop Eng '77,CO,
Alumni,2012.0,MSc Geop '12,CO,
Alumni,2015.0,MSc Geop '15,CO,
Alumni,1990.0,"BSc Geop Eng '90, MSc Geop Eng '95",CO,
Alumni,1985.0,BSc Geop Eng '85,CO,
Alumni,2015.0,BSc Geop Eng '15,CO,
Alumni,1981.0,BSc Geop Eng '81,TX,
Alumni,1958.0,"Geop Engineer '58, MSc Geop '67, PhD Geop '75",MT,
Alumni,1982.0,BSc Geop Eng '82,AZ,
Alumni,2008.0,MSc Geop '08,MT,
Alumni,2009.0,MSc Geop '09,TX,
Alumni,1971.0,"BSc ME Math '71, MSc Math & Comp Sci '73, PhD Geop '80",TX,
Alumni,1978.0,BSc Geop Eng '78,NJ,
Alumni,1985.0,BSc Geop Eng '85,CO,
Alumni,2016.0,BSc Geop Eng '16,TX,
Alumni,1986.0,BSc Geop Eng '86,TX,
Alumni,1991.0,MSc Geop Eng '91,AK,
Alumni,1968.0,"ME Phy '68, MSc Geol '76, MSc Geop '77",CO,
Alumni,1991.0,MSc Geop '91,,Australia
Alumni,1992.0,MSc Geop Eng '92,CO,
Alumni,1987.0,BSc Geop Eng '87,CO,
Alumni,1986.0,MSc Geop '86,CO,
Alumni,1982.0,BSc Geop Eng '82,CA,
Alumni,2016.0,BSc Geop Eng '16,HI,
Alumni,2009.0,BSc Geop Eng '09,CO,
Alumni,1958.0,Geop Engineer '58,CO,
Alumni,1985.0,BSc Geop Eng '85,CO,
Alumni,2020.0,BSc Geop Eng '20,CO,
Alumni,1986.0,BSc Geop Eng '86,AK,
Alumni,1986.0,BSc Geop Eng '86,CO,
Alumni,2002.0,MSc Geop '02,OK,
Alumni,1976.0,"BSc Geol Eng '76, BSc Geop Eng '77",IL,
Alumni,2020.0,"BSc Geop Eng '20, BSc Pet Eng '20",TX,
Alumni,1968.0,Geop Engineer '68,CO,
Alumni,1974.0,BSc Geop Eng '74,CO,
Alumni,1977.0,BSc Geop Eng '77,GA,
Alumni,1983.0,BSc Geop Eng '83,CO,
Alumni,1981.0,"BSc Geop Eng '81, MSc Geop '85",LA,
Alumni,2007.0,"BSc Geop Eng '07, MSc Geop '15",RI,
Alumni,1984.0,BSc Geop Eng '84,CO,
Alumni,2015.0,BSc Geop Eng '15,TX,
Alumni,1985.0,MSc Geop '85,KS,
Faculty/Staff,,,CO,
Alumni,1964.0,Geop Engineer '64,ID,
Alumni,1987.0,BSc Geop Eng '87,ID,
Alumni,2010.0,"MSc Geop '10, PhD Geop '15",CO,
Alumni,1985.0,BSc Geop Eng '85,TX,
Alumni,2002.0,"BSc Geop Eng '02, MSc Geop '13",CO,
Alumni,2001.0,"BSc Geop Eng '01, MSc Geop '04",OK,
Alumni,1983.0,BSc Geop Eng '83,CO,
Alumni,1988.0,"MSc Geop Eng '88, PhD Geop '92",CO,
Alumni,2011.0,BSc Geop Eng '11,TX,
Alumni,1986.0,BSc Geop Eng '86,CO,
Alumni,1964.0,Geop Engineer '64,CO,
Alumni,1972.0,Geop Engineer '72,AZ,
Alumni,2016.0,BSc Geop Eng '16,CO,
Alumni,1961.0,Geop Engineer '61,CA,
Alumni,1982.0,BSc Geop Eng '82,CO,
Alumni,1988.0,PhD Geop '88,CA,
Alumni,2018.0,BSc Geop Eng '18,CO,
Alumni,2006.0,PhD Geop '06,TX,
Alumni,2009.0,MSc Geop '09,CO,
Alumni,2010.0,PhD Geop '10,TX,
Alumni,2013.0,PhD Geop '13,TX,
Alumni,2014.0,BSc Geop Eng '14,TX,
Alumni,2016.0,BSc Geop Eng '16,TX,
Alumni,1984.0,MSc Geop '84,TX,
Alumni,2020.0,Pro M Pet Res Sys '20,,Kazakhstan
Alumni,2015.0,BSc Geop Eng '15,WA,
Alumni,1968.0,"Geop Engineer '68, PhD Geop '81",CO,
Alumni,2002.0,"BSc Math & Comp Sci '02, BSc Math & Comp Sci '02, MSc Geop '05",TX,
Alumni,2020.0,BSc Geop Eng '20,CO,
Alumni,1986.0,BSc Geop Eng '86,CO,
Alumni,1990.0,MSc Geop '90,TX,
Alumni,1965.0,Geop Engineer '65,CO,
Alumni,1977.0,"MSc Geop '77, PhD Geop '80",CO,
Alumni,2017.0,"BSc Pet Eng '17, MSc Geop '19",TX,
Alumni,2015.0,BSc Geop Eng '15,CA,
Alumni,2018.0,BSc Geop Eng '18,,Malaysia
Alumni,1982.0,BSc Geop Eng '82,CO,
Alumni,2013.0,MSc Geop '13,AK,
Alumni,1975.0,"BSc Geop Eng '75, MSc Geop '82",CA,
Alumni,2013.0,BSc Geop Eng '13,CO,
Alumni,1985.0,MSc Geop '85,TX,
Alumni,1985.0,BSc Geop Eng '85,CO,
Alumni,1977.0,BSc Geop Eng '77,TX,
Alumni,1981.0,BSc Geop Eng '81,TX,
Alumni,2011.0,MSc Geop '11,TX,
Alumni,2015.0,PhD Geop '15,,China
Alumni,2017.0,BSc Geop Eng '17,CO,
Alumni,2015.0,PhD Geop '15,CO,
Alumni,2019.0,BSc Geop Eng '19,CO,
Alumni,2006.0,PhD Geop '06,TX,
Alumni,2020.0,"BSc Geop Eng '20, MSc Geop '20",CO,
Alumni,1963.0,Geop Engineer '63,HI,
Alumni,1986.0,"BSc Geop Eng '86, MSc Geop '89",TX,
Alumni,2012.0,BSc Geop Eng '12,CO,
Alumni,1982.0,BSc Geop Eng '82,TX,
Alumni,1981.0,BSc Geop Eng '81,UT,
Alumni,2019.0,BSc Geop Eng '19,CO,
Alumni,2012.0,MSc Geop '12,CO,
